"Provided by yucezhe.com. Please contact WeChat:yucezhekefu, QQ:2023046319 or contact@yucezhe.com if you have any question."
candle_begin_time,open,high,low,close,volume
2018-03-17 00:00:00,5.0266,5.049,5.026,5.0478,15016.74297337
2018-03-17 00:01:00,5.0478,5.0559,5.0469,5.0559,1769.60551856
2018-03-17 00:02:00,5.0559,5.056,5.0419,5.054,649.11458921
2018-03-17 00:03:00,5.0496,5.0589,5.0385,5.0431,2515.81711915
2018-03-17 00:04:00,5.057,5.0609,5.0445,5.06,9287.07387269
2018-03-17 00:05:00,5.0599,5.0599,5.0482,5.0482,3313.55759373
2018-03-17 00:06:00,5.0462,5.0639,5.0462,5.0639,3662.48223
2018-03-17 00:07:00,5.0471,5.0471,5.0461,5.0461,1196.64321
2018-03-17 00:08:00,5.0568,5.0595,5.05,5.05,2873.99552
2018-03-17 00:09:00,5.0523,5.0595,5.0523,5.0595,185.183198
2018-03-17 00:10:00,5.0595,5.0665,5.0595,5.0665,1040.80855291
2018-03-17 00:11:00,5.0539,5.0587,5.0466,5.0466,2174.47761301
2018-03-17 00:12:00,5.0461,5.0477,5.0447,5.0477,644.72870316
2018-03-17 00:13:00,5.0567,5.0603,5.0567,5.0603,2096.04072026
2018-03-17 00:14:00,5.057,5.057,5.042,5.042,853.77497674
2018-03-17 00:15:00,5.0414,5.0414,5.0378,5.0378,878.99534372
2018-03-17 00:16:00,5.0489,5.0555,5.0489,5.0555,817.05681079
2018-03-17 00:17:00,5.0459,5.046,5.0459,5.046,700.0
2018-03-17 00:18:00,5.04,5.0411,5.0213,5.0362,11179.02872373
2018-03-17 00:19:00,5.0418,5.0467,5.0418,5.0419,1144.87948512
2018-03-17 00:20:00,5.0419,5.06,5.0355,5.06,10421.66528743
2018-03-17 00:21:00,5.06,5.0601,5.0412,5.0499,11595.19372264
2018-03-17 00:22:00,5.05,5.05,5.0385,5.0385,3463.444
2018-03-17 00:23:00,5.0402,5.0402,5.0338,5.0338,3898.32996931
2018-03-17 00:24:00,5.043,5.0432,5.0267,5.0406,3664.10711608
2018-03-17 00:25:00,5.0406,5.0488,5.0406,5.0406,3868.43016132
2018-03-17 00:26:00,5.041,5.041,5.041,5.041,20.0
2018-03-17 00:27:00,5.048,5.0488,5.048,5.0488,196.194
2018-03-17 00:28:00,5.0519,5.052,5.0514,5.052,1413.9684626
2018-03-17 00:29:00,5.052,5.0529,5.0519,5.0529,376.0632
2018-03-17 00:32:00,5.0567,5.0569,5.0565,5.0569,1324.55319267
2018-03-17 00:33:00,5.0599,5.0599,5.0599,5.0599,1478.0
2018-03-17 00:34:00,5.0656,5.078,5.0588,5.0588,908.23091054
2018-03-17 00:35:00,5.068,5.068,5.068,5.068,47.0
2018-03-17 00:36:00,5.0707,5.0707,5.0707,5.0707,500.0
2018-03-17 00:39:00,5.0766,5.0766,5.0766,5.0766,20.0
2018-03-17 00:42:00,5.0773,5.0773,5.0773,5.0773,150.0
2018-03-17 00:44:00,5.0739,5.0746,5.0588,5.0588,1380.20063686
2018-03-17 00:46:00,5.0703,5.0704,5.056,5.0561,1006.88756759
2018-03-17 00:47:00,5.0511,5.0511,5.0511,5.0511,575.73063043
2018-03-17 00:50:00,5.06,5.06,5.06,5.06,429.90064425
2018-03-17 00:51:00,5.0631,5.0631,5.0631,5.0631,87.5838
2018-03-17 00:52:00,5.069,5.069,5.0681,5.0681,17.401
2018-03-17 00:54:00,5.06,5.06,5.06,5.06,450.42437631
2018-03-17 00:55:00,5.06,5.06,5.06,5.06,20.0
2018-03-17 00:56:00,5.0543,5.059,5.0543,5.059,1300.0
2018-03-17 00:58:00,5.0657,5.069,5.0657,5.069,45.3413
2018-03-17 00:59:00,5.0713,5.0713,5.0713,5.0713,100.0
2018-03-17 01:02:00,5.07,5.07,5.0622,5.0622,217.70971
2018-03-17 01:04:00,5.0611,5.0611,5.0611,5.0611,2.0438
2018-03-17 01:06:00,5.0792,5.0792,5.0791,5.0791,424.7175
2018-03-17 01:07:00,5.0778,5.0778,5.0778,5.0778,29.354
2018-03-17 01:08:00,5.0777,5.0779,5.0695,5.0695,2783.261162
2018-03-17 01:11:00,5.0721,5.0721,5.0601,5.0601,564.06879568
2018-03-17 01:12:00,5.056,5.0649,5.0546,5.0649,990.44787684
2018-03-17 01:13:00,5.0667,5.0667,5.0666,5.0666,73.804872
2018-03-17 01:15:00,5.0507,5.056,5.0507,5.056,127.733192
2018-03-17 01:16:00,5.0581,5.0581,5.0581,5.0581,20.0
2018-03-17 01:17:00,5.0593,5.0593,5.0593,5.0593,2.004
2018-03-17 01:19:00,5.05,5.05,5.043,5.043,2602.23572841
2018-03-17 01:20:00,5.0451,5.0451,5.031,5.031,3439.1707069
2018-03-17 01:21:00,5.031,5.031,5.02,5.0242,5558.41082642
2018-03-17 01:22:00,5.0259,5.0259,5.0035,5.0148,12102.28061776
2018-03-17 01:23:00,5.0147,5.0183,5.0072,5.0183,5653.05003428
2018-03-17 01:24:00,5.0178,5.027,5.008,5.0242,7380.89118896
2018-03-17 01:25:00,5.019,5.0246,5.0,5.0137,4813.92708631
2018-03-17 01:26:00,5.0,5.0,5.0,5.0,11.8707
2018-03-17 01:27:00,5.0,5.0196,5.0,5.014,11717.14941677
2018-03-17 01:28:00,5.0194,5.023,5.0081,5.01,10119.12764716
2018-03-17 01:29:00,5.01,5.028,5.0051,5.0236,7837.43423596
2018-03-17 01:30:00,5.0236,5.0249,5.0046,5.02,9352.90922458
2018-03-17 01:31:00,5.023,5.0258,5.0036,5.0036,654.91502
2018-03-17 01:32:00,5.0201,5.0205,5.0083,5.0084,1094.117
2018-03-17 01:33:00,5.0174,5.0194,5.0002,5.0002,9710.58625676
2018-03-17 01:34:00,5.001,5.0181,4.9935,5.0179,6858.34925687
2018-03-17 01:36:00,5.0078,5.0193,5.0078,5.0192,1099.21239423
2018-03-17 01:37:00,5.0115,5.0207,5.0114,5.0207,855.79135255
2018-03-17 01:38:00,5.0198,5.0198,5.0192,5.0192,594.5551
2018-03-17 01:39:00,5.02,5.0302,5.02,5.0278,2052.705
2018-03-17 01:40:00,5.0259,5.0279,5.0259,5.0279,919.164
2018-03-17 01:41:00,5.0269,5.0269,5.0187,5.0187,772.96487177
2018-03-17 01:42:00,5.0232,5.0232,5.0128,5.0128,665.2515
2018-03-17 01:43:00,5.013,5.0134,5.0086,5.0086,889.6935
2018-03-17 01:44:00,5.0034,5.014,5.0034,5.0046,1256.4607826
2018-03-17 01:45:00,5.0076,5.0173,5.0076,5.0173,2471.61
2018-03-17 01:46:00,5.0067,5.0067,4.99,4.9962,47459.82514272
2018-03-17 01:47:00,4.9962,5.0026,4.9962,5.0025,3263.39425692
2018-03-17 01:48:00,5.0021,5.0026,5.0021,5.0026,110.0
2018-03-17 01:49:00,5.0015,5.0026,5.0015,5.0024,445.185
2018-03-17 01:50:00,5.0002,5.0037,5.0001,5.0026,3908.0625794
2018-03-17 01:51:00,5.0021,5.0024,5.0021,5.0024,297.236
2018-03-17 01:53:00,5.0028,5.0028,5.0028,5.0028,3000.0
2018-03-17 01:54:00,4.9961,4.9961,4.996,4.996,3715.23405094
2018-03-17 01:55:00,4.996,5.0027,4.99,5.0027,886.88600332
2018-03-17 01:56:00,5.0027,5.0027,5.0,5.0,1180.42226487
2018-03-17 01:57:00,5.0028,5.0028,5.0028,5.0028,31.3252
2018-03-17 01:58:00,5.0,5.0,4.9939,4.9939,2182.50136963
2018-03-17 01:59:00,4.998,5.0036,4.998,4.998,4598.04000227
2018-03-17 02:00:00,4.998,4.998,4.9966,4.9966,928.38380937
2018-03-17 02:01:00,4.998,5.0071,4.998,5.0067,357.03775024
2018-03-17 02:02:00,5.0061,5.0272,5.0059,5.023,13345.70238029
2018-03-17 02:03:00,5.0229,5.0229,5.0153,5.021,3673.11451785
2018-03-17 02:04:00,5.012,5.012,5.0119,5.0119,266.07601083
2018-03-17 02:05:00,5.0096,5.0096,5.0055,5.0056,1662.44204677
2018-03-17 02:13:00,5.01,5.0149,5.005,5.0149,1277.47890589
2018-03-17 02:14:00,5.0048,5.0048,5.0048,5.0048,88.1284
2018-03-17 02:15:00,5.014,5.014,5.002,5.002,21.1082
2018-03-17 02:17:00,5.0031,5.0118,5.0,5.0118,4011.55268268
2018-03-17 02:18:00,5.0103,5.0104,5.0103,5.0104,1000.0
2018-03-17 02:19:00,5.0035,5.0035,5.0035,5.0035,140.93829073
2018-03-17 02:20:00,5.0035,5.0035,5.0035,5.0035,42.98198241
2018-03-17 02:21:00,5.0137,5.0137,5.0137,5.0137,61.30268199
2018-03-17 02:23:00,5.0064,5.0064,5.0064,5.0064,75.70260599
2018-03-17 02:24:00,5.0133,5.0133,5.0133,5.0133,19.0
2018-03-17 02:26:00,5.0141,5.015,5.0106,5.0106,814.3300107
2018-03-17 02:27:00,5.0194,5.0227,5.0194,5.02,197.53855012
2018-03-17 02:28:00,5.02,5.0265,5.02,5.0203,323.30147818
2018-03-17 02:29:00,5.02,5.0258,5.0145,5.0258,906.10855847
2018-03-17 02:30:00,5.026,5.026,5.026,5.026,693.72357704
2018-03-17 02:31:00,5.0308,5.0308,5.0242,5.0243,728.07438881
2018-03-17 02:32:00,5.0243,5.0311,5.0207,5.0311,791.53713699
2018-03-17 02:33:00,5.0312,5.0313,5.0215,5.0217,1744.44774881
2018-03-17 02:34:00,5.0243,5.0243,5.0243,5.0243,868.45141357
2018-03-17 02:35:00,5.0239,5.024,5.0238,5.024,419.78
2018-03-17 02:36:00,5.024,5.024,5.024,5.024,376.38032177
2018-03-17 02:39:00,5.0305,5.0313,5.0241,5.0313,2421.89489676
2018-03-17 02:40:00,5.0313,5.0313,5.0312,5.0312,284.80616543
2018-03-17 02:41:00,5.0244,5.0245,5.0238,5.0238,353.54579
2018-03-17 02:42:00,5.0219,5.0238,5.0218,5.0238,1970.93569988
2018-03-17 02:43:00,5.0225,5.0293,5.0225,5.0293,1088.57356956
2018-03-17 02:44:00,5.0293,5.0293,5.012,5.012,4455.93836763
2018-03-17 02:45:00,5.008,5.008,4.9985,4.999,8074.37099946
2018-03-17 02:46:00,4.9991,5.0101,4.9918,5.0101,2822.30915134
2018-03-17 02:47:00,5.0101,5.0269,5.01,5.0158,10728.41919237
2018-03-17 02:48:00,5.0139,5.0204,5.0045,5.0203,2931.13732081
2018-03-17 02:50:00,5.0207,5.0248,5.0116,5.0248,2089.21537382
2018-03-17 02:52:00,5.0162,5.0162,5.016,5.016,727.005
2018-03-17 02:53:00,5.0257,5.0258,5.0192,5.0192,705.22598725
2018-03-17 02:55:00,5.0261,5.0436,5.0261,5.0436,7124.64396853
2018-03-17 02:56:00,5.0438,5.0669,5.0435,5.0504,4745.51926796
2018-03-17 02:57:00,5.0467,5.0501,5.0467,5.0501,153.515
2018-03-17 02:58:00,5.0505,5.0575,5.0505,5.0575,139.8478123
2018-03-17 02:59:00,5.0455,5.0455,5.0455,5.0455,651.47122553
2018-03-17 03:01:00,5.046,5.046,5.0446,5.0446,1443.0
2018-03-17 03:02:00,5.0343,5.0343,5.0342,5.0342,430.12619
2018-03-17 03:03:00,5.0344,5.036,5.033,5.036,1075.38559918
2018-03-17 03:06:00,5.022,5.022,5.0162,5.017,118.05338443
2018-03-17 03:07:00,5.0242,5.0242,5.0156,5.0156,650.44548012
2018-03-17 03:08:00,5.0227,5.0272,5.0154,5.0266,2706.89322363
2018-03-17 03:09:00,5.0258,5.0258,5.0257,5.0258,563.84355592
2018-03-17 03:10:00,5.0238,5.0239,5.0238,5.0239,33.0
2018-03-17 03:11:00,5.0154,5.0154,5.012,5.012,85.389
2018-03-17 03:12:00,5.0206,5.0212,5.012,5.0141,2322.71219789
2018-03-17 03:13:00,5.0141,5.0276,5.0141,5.0276,1328.5006638
2018-03-17 03:15:00,5.0217,5.0217,5.0217,5.0217,12.9415
2018-03-17 03:16:00,5.0224,5.0291,5.0186,5.0186,2242.49197364
2018-03-17 03:20:00,5.0341,5.0416,5.0341,5.0416,727.223
2018-03-17 03:22:00,5.0388,5.0388,5.031,5.031,165.318
2018-03-17 03:23:00,5.0268,5.0268,5.0268,5.0268,27.60592422
2018-03-17 03:25:00,5.0322,5.0323,5.0322,5.0323,100.0
2018-03-17 03:26:00,5.03,5.031,5.0269,5.0269,179.38167565
2018-03-17 03:27:00,5.0317,5.0329,5.0317,5.0329,199.0
2018-03-17 03:28:00,5.0301,5.0301,5.0301,5.0301,122.62816687
2018-03-17 03:29:00,5.0289,5.03,5.0287,5.0287,122.732
2018-03-17 03:30:00,5.0297,5.0297,5.0297,5.0297,405.56
2018-03-17 03:31:00,5.0198,5.0199,5.0198,5.0199,196.947
2018-03-17 03:32:00,5.0198,5.0255,5.0198,5.0255,388.538
2018-03-17 03:33:00,5.017,5.017,5.0141,5.0141,161.02382766
2018-03-17 03:34:00,5.0155,5.0155,5.0155,5.0155,77.35491822
2018-03-17 03:36:00,5.0147,5.0259,5.0147,5.024,140.257
2018-03-17 03:37:00,5.024,5.0257,5.024,5.0257,25.0
2018-03-17 03:38:00,5.0184,5.0184,5.0183,5.0183,166.69988799
2018-03-17 03:39:00,5.0143,5.015,5.013,5.013,809.07597151
2018-03-17 03:40:00,5.0129,5.0309,5.0129,5.0309,1163.54128904
2018-03-17 03:42:00,5.0286,5.0302,5.0286,5.0302,100.0
2018-03-17 03:46:00,5.03,5.03,5.03,5.03,10.0
2018-03-17 03:50:00,5.03,5.03,5.03,5.03,30.0
2018-03-17 03:52:00,5.0251,5.0251,5.0251,5.0251,100.0
2018-03-17 03:56:00,5.0339,5.0339,5.0339,5.0339,10.0
2018-03-17 03:58:00,5.0326,5.0326,5.03,5.03,30.0
2018-03-17 03:59:00,5.03,5.03,5.03,5.03,15.42836533
2018-03-17 04:01:00,5.042,5.0444,5.042,5.0444,499.9998
2018-03-17 04:02:00,5.0331,5.0331,5.0254,5.0254,366.81244784
2018-03-17 04:03:00,5.025,5.025,5.0148,5.0148,529.9994
2018-03-17 04:04:00,5.0223,5.0224,5.0223,5.0224,710.171
2018-03-17 04:05:00,5.025,5.025,5.025,5.025,75.142
2018-03-17 04:06:00,5.0198,5.0198,5.0154,5.0154,655.0
2018-03-17 04:07:00,5.0154,5.0289,5.0154,5.017,5791.62714892
2018-03-17 04:11:00,5.0235,5.0235,5.0204,5.0219,156.63279
2018-03-17 04:13:00,5.02,5.02,5.0159,5.0159,214.19776645
2018-03-17 04:16:00,5.015,5.015,5.0084,5.0084,2502.77503358
2018-03-17 04:17:00,5.0047,5.0056,5.0,5.0,3392.18380493
2018-03-17 04:18:00,5.0,5.0001,5.0,5.0,3612.61293101
2018-03-17 04:19:00,5.0017,5.0017,5.0,5.0002,2801.11325872
2018-03-17 04:20:00,5.0,5.0,5.0,5.0,351.75717
2018-03-17 04:21:00,5.0,5.0,4.999,4.999,958.20439388
2018-03-17 04:22:00,4.999,4.999,4.999,4.999,35.85411
2018-03-17 04:23:00,5.0009,5.0102,4.9965,5.0102,4986.96839118
2018-03-17 04:25:00,5.0052,5.0052,4.9999,4.9999,102.21934111
2018-03-17 04:27:00,5.01,5.01,5.01,5.01,45.94522752
2018-03-17 04:28:00,5.0099,5.0161,5.0099,5.0161,828.80877248
2018-03-17 04:29:00,5.0199,5.03,5.019,5.03,4030.601
2018-03-17 04:32:00,5.03,5.03,5.0204,5.0204,1116.77369929
2018-03-17 04:33:00,5.0206,5.0207,5.0188,5.0188,1067.56153401
2018-03-17 04:34:00,5.015,5.015,5.015,5.015,10.0
2018-03-17 04:39:00,5.0175,5.0182,5.0175,5.0182,813.43362096
2018-03-17 04:40:00,5.0153,5.0153,5.0153,5.0153,4.9998
2018-03-17 04:43:00,5.0199,5.0199,5.0199,5.0199,62.036
2018-03-17 04:44:00,5.0176,5.0176,5.0176,5.0176,66.109
2018-03-17 04:45:00,5.0175,5.0209,5.0112,5.0209,477.725
2018-03-17 04:46:00,5.022,5.022,5.022,5.022,2.5
2018-03-17 04:47:00,5.023,5.0267,5.0221,5.0267,4247.59608093
2018-03-17 04:48:00,5.028,5.031,5.028,5.031,274.71366815
2018-03-17 04:49:00,5.0268,5.0268,5.0268,5.0268,39.77839225
2018-03-17 04:51:00,5.0245,5.0245,5.0245,5.0245,120.3526
2018-03-17 04:52:00,5.025,5.025,5.019,5.019,694.26559337
2018-03-17 04:53:00,5.0191,5.0192,5.0191,5.0191,109.68811007
2018-03-17 04:55:00,5.021,5.0211,5.021,5.0211,299.301
2018-03-17 04:56:00,5.0259,5.0259,5.0015,5.0062,15586.1397989
2018-03-17 04:57:00,5.0178,5.0232,5.0178,5.0232,1211.74262
2018-03-17 05:01:00,5.0131,5.0131,5.0131,5.0131,1665.384
2018-03-17 05:02:00,5.003,5.003,5.003,5.003,20.0
2018-03-17 05:03:00,5.0137,5.0137,5.0137,5.0137,65.384
2018-03-17 05:04:00,5.0052,5.0059,5.0052,5.0059,162.78771741
2018-03-17 05:05:00,5.0048,5.0054,5.0024,5.0054,879.89386388
2018-03-17 05:08:00,5.0105,5.0105,5.01,5.01,764.73681693
2018-03-17 05:09:00,5.01,5.01,5.01,5.01,470.56749
2018-03-17 05:12:00,5.0053,5.0147,5.0052,5.0147,76.66746
2018-03-17 05:13:00,5.0052,5.0052,5.0052,5.0052,22.29527692
2018-03-17 05:14:00,5.0143,5.0143,5.0143,5.0143,75.0
2018-03-17 05:16:00,5.0145,5.0146,5.0145,5.0146,55.68201345
2018-03-17 05:17:00,5.0146,5.0146,5.0146,5.0146,443.15586
2018-03-17 05:19:00,5.0146,5.0146,5.0146,5.0146,9.99
2018-03-17 05:20:00,5.0069,5.0146,5.0069,5.0143,309.161
2018-03-17 05:22:00,5.0144,5.0146,5.0144,5.0146,1187.933
2018-03-17 05:24:00,5.0146,5.0159,5.0146,5.0159,480.0
2018-03-17 05:26:00,5.0193,5.0193,5.0193,5.0193,10.0
2018-03-17 05:30:00,5.015,5.015,5.015,5.015,7.6242
2018-03-17 05:32:00,5.0081,5.0081,5.0081,5.0081,100.24327
2018-03-17 05:36:00,5.0088,5.0088,5.0088,5.0088,53.388
2018-03-17 05:37:00,5.008,5.008,5.0025,5.0025,30.365
2018-03-17 05:38:00,5.0096,5.0096,5.0096,5.0096,25.0
2018-03-17 05:39:00,5.0099,5.0131,5.0099,5.0131,2767.339
2018-03-17 05:40:00,5.0077,5.0077,5.0077,5.0077,10.0
2018-03-17 05:43:00,5.0058,5.0058,5.0026,5.0029,320.76175
2018-03-17 05:44:00,5.0131,5.0131,5.0131,5.0131,212.0309
2018-03-17 05:45:00,5.0036,5.0036,5.0036,5.0036,71.71886
2018-03-17 05:46:00,5.0147,5.0147,5.0147,5.0147,298.85057471
2018-03-17 05:47:00,5.015,5.015,5.015,5.015,2.3758
2018-03-17 05:50:00,5.015,5.015,5.015,5.015,43.158
2018-03-17 05:52:00,5.0033,5.0033,5.0025,5.0025,71.75951
2018-03-17 05:53:00,5.0092,5.0092,5.0028,5.0035,230.26812
2018-03-17 05:54:00,5.0025,5.0025,5.0025,5.0025,10.0
2018-03-17 05:55:00,5.0027,5.0113,5.0,5.0,457.52292
2018-03-17 05:56:00,4.9981,4.9981,4.9981,4.9981,143.64377
2018-03-17 05:57:00,4.9997,5.0014,4.9994,4.9994,602.631
2018-03-17 05:58:00,4.9988,4.9995,4.99,4.9979,2128.40011061
2018-03-17 05:59:00,4.9979,4.998,4.997,4.9978,298.13634646
2018-03-17 06:00:00,4.9979,5.0002,4.9979,4.9979,517.8118815
2018-03-17 06:01:00,4.9988,4.9989,4.998,4.998,1421.26660861
2018-03-17 06:02:00,4.9924,4.9924,4.9923,4.9923,71.86489
2018-03-17 06:03:00,4.9901,5.0104,4.9901,5.0104,3374.36902
2018-03-17 06:04:00,4.9967,5.0028,4.9967,5.0028,606.14027
2018-03-17 06:06:00,4.994,4.9988,4.9904,4.9904,110.5648085
2018-03-17 06:07:00,4.9902,4.9909,4.9901,4.9909,805.36017723
2018-03-17 06:08:00,4.9983,4.9998,4.9983,4.9989,792.021
2018-03-17 06:09:00,4.9948,4.9981,4.99,4.9981,1258.389
2018-03-17 06:10:00,4.994,4.994,4.9815,4.9815,12099.07993998
2018-03-17 06:11:00,4.9815,4.9815,4.9602,4.9678,7182.71297688
2018-03-17 06:12:00,4.9756,4.9799,4.971,4.971,434.874
2018-03-17 06:13:00,4.9791,4.9792,4.9667,4.9667,646.86412
2018-03-17 06:14:00,4.97,4.9737,4.97,4.9737,732.551
2018-03-17 06:15:00,4.9756,4.9756,4.9756,4.9756,2.0
2018-03-17 06:16:00,4.9666,4.9666,4.9647,4.9647,2190.0
2018-03-17 06:17:00,4.971,4.9783,4.971,4.9754,1842.31074633
2018-03-17 06:18:00,4.978,4.9814,4.978,4.9814,232.54468664
2018-03-17 06:19:00,4.979,4.979,4.9634,4.9634,1465.92026441
2018-03-17 06:20:00,4.9662,4.9753,4.9662,4.9753,75.4142
2018-03-17 06:21:00,4.9764,4.9764,4.9764,4.9764,279.76101428
2018-03-17 06:22:00,4.9771,4.9855,4.9771,4.9855,2854.76439984
2018-03-17 06:23:00,4.9806,4.9981,4.9806,4.9899,979.88562925
2018-03-17 06:24:00,4.99,4.9968,4.9898,4.99,121.0
2018-03-17 06:25:00,4.9757,4.9757,4.9757,4.9757,60.13233518
2018-03-17 06:27:00,4.9857,4.9857,4.9857,4.9857,3.07268527
2018-03-17 06:28:00,4.9821,4.9821,4.982,4.982,46.18942266
2018-03-17 06:34:00,4.979,4.9928,4.979,4.9928,280.05206031
2018-03-17 06:35:00,4.9894,4.9894,4.9889,4.9889,106.0
2018-03-17 06:36:00,4.9807,4.9878,4.9806,4.9807,453.04086
2018-03-17 06:37:00,4.9806,4.9806,4.98,4.98,144.34354
2018-03-17 06:38:00,4.98,4.98,4.98,4.98,288.7913
2018-03-17 06:39:00,4.98,4.9835,4.98,4.98,364.95302532
2018-03-17 06:40:00,4.98,4.982,4.98,4.98,191.72824
2018-03-17 06:41:00,4.9812,4.9812,4.9812,4.9812,175.246
2018-03-17 06:43:00,4.98,4.98,4.9663,4.9663,2171.5540021
2018-03-17 06:44:00,4.9663,4.9719,4.953,4.9717,7166.30865211
2018-03-17 06:45:00,4.9716,4.9716,4.96,4.9708,2427.05264575
2018-03-17 06:46:00,4.9708,4.9753,4.9708,4.9753,925.29948806
2018-03-17 06:47:00,4.9754,4.9754,4.9754,4.9754,100.6051
2018-03-17 06:48:00,4.9772,4.9919,4.9772,4.981,8037.12698003
2018-03-17 06:49:00,4.981,5.0,4.978,4.985,10638.28452486
2018-03-17 06:50:00,4.985,4.985,4.985,4.985,1607.19464532
2018-03-17 06:51:00,4.985,4.9931,4.9803,4.9851,2325.91513548
2018-03-17 06:52:00,4.9872,4.9987,4.9872,4.9986,2428.964422
2018-03-17 06:53:00,4.9908,4.9908,4.9906,4.9906,198.241
2018-03-17 06:54:00,4.9915,4.9928,4.9915,4.9928,226.58705311
2018-03-17 06:55:00,4.9986,4.9986,4.9931,4.9931,537.24772926
2018-03-17 06:56:00,4.994,4.9975,4.9929,4.9947,1285.60864774
2018-03-17 06:57:00,4.994,4.994,4.99,4.991,2492.80042778
2018-03-17 06:58:00,4.9914,4.9914,4.9902,4.9904,3794.49985471
2018-03-17 06:59:00,4.9905,4.9974,4.99,4.99,3247.78257779
2018-03-17 07:00:00,4.99,4.997,4.99,4.9901,7270.03203332
2018-03-17 07:01:00,4.9901,4.9901,4.99,4.99,5344.18871586
2018-03-17 07:02:00,4.99,4.99,4.99,4.99,3936.25304221
2018-03-17 07:03:00,4.99,4.9964,4.987,4.988,16034.58606256
2018-03-17 07:04:00,4.988,4.99,4.9847,4.9847,5712.73318713
2018-03-17 07:05:00,4.9847,4.99,4.9836,4.9836,2282.17108043
2018-03-17 07:06:00,4.9836,4.99,4.9836,4.9837,1663.09550227
2018-03-17 07:07:00,4.99,4.99,4.9858,4.9858,553.7439343
2018-03-17 07:08:00,4.9858,4.99,4.9846,4.99,779.89018765
2018-03-17 07:09:00,4.995,4.9962,4.989,4.9961,4202.79330003
2018-03-17 07:10:00,4.9962,4.9962,4.9875,4.993,1757.18011204
2018-03-17 07:11:00,4.9877,4.9959,4.9877,4.9928,3702.01715134
2018-03-17 07:12:00,4.9877,4.9961,4.9877,4.9898,455.60797703
2018-03-17 07:13:00,4.9957,4.9957,4.9875,4.9875,273.85281739
2018-03-17 07:14:00,4.988,4.9949,4.9879,4.9925,839.45896001
2018-03-17 07:15:00,4.9923,4.9936,4.9894,4.9895,1436.76085999
2018-03-17 07:16:00,4.9863,4.9863,4.9855,4.9858,210.48904362
2018-03-17 07:17:00,4.9927,4.9927,4.9858,4.9858,146.25239196
2018-03-17 07:18:00,4.9923,4.9923,4.9901,4.9901,1212.20163342
2018-03-17 07:19:00,4.9901,4.9901,4.9787,4.9787,1791.84382418
2018-03-17 07:20:00,4.9781,4.9787,4.9781,4.9781,118.47734023
2018-03-17 07:22:00,4.9814,4.9824,4.9786,4.9824,1736.703387
2018-03-17 07:23:00,4.9835,4.9835,4.9835,4.9835,63.75889833
2018-03-17 07:24:00,4.9899,4.9899,4.9899,4.9899,51.40525585
2018-03-17 07:25:00,4.9898,4.9898,4.9898,4.9898,3.50110531
2018-03-17 07:27:00,4.983,4.983,4.983,4.983,20.0004
2018-03-17 07:29:00,4.9899,4.99,4.9899,4.99,57.18927232
2018-03-17 07:31:00,4.99,4.99,4.99,4.99,131.3588
2018-03-17 07:32:00,4.99,4.99,4.99,4.99,50.0
2018-03-17 07:34:00,4.99,4.99,4.99,4.99,41.56
2018-03-17 07:36:00,4.99,4.99,4.99,4.99,2244.03338585
2018-03-17 07:37:00,4.99,4.99,4.99,4.99,1199.60291198
2018-03-17 07:38:00,4.9896,4.99,4.9896,4.99,77.34242634
2018-03-17 07:39:00,4.9896,4.9896,4.9894,4.9894,486.55873277
2018-03-17 07:41:00,4.9894,4.9894,4.9894,4.9894,15.23984883
2018-03-17 07:43:00,4.9901,4.9901,4.9901,4.9901,2399.37374153
2018-03-17 07:45:00,4.99,4.99,4.99,4.99,22.42024114
2018-03-17 07:46:00,4.99,4.99,4.99,4.99,4.0
2018-03-17 07:47:00,4.9901,4.9901,4.9901,4.9901,1869.9219094
2018-03-17 07:48:00,4.9901,4.9901,4.9901,4.9901,1024.37807113
2018-03-17 07:49:00,4.9901,4.9901,4.9901,4.9901,731.982
2018-03-17 07:50:00,4.9901,4.994,4.9901,4.994,681.70307794
2018-03-17 07:51:00,4.995,5.004,4.995,5.004,700.0
2018-03-17 07:52:00,5.003,5.003,5.003,5.003,700.0
2018-03-17 07:54:00,5.004,5.004,5.004,5.004,21.093
2018-03-17 07:55:00,4.9989,4.9989,4.9957,4.9957,775.0
2018-03-17 07:56:00,4.9968,4.9968,4.995,4.995,82.15982
2018-03-17 07:58:00,4.9934,4.995,4.9934,4.995,150.62407227
2018-03-17 08:00:00,4.9907,5.001,4.9901,5.001,1626.09455201
2018-03-17 08:01:00,4.9901,4.9901,4.9775,4.9775,11969.1540991
2018-03-17 08:02:00,4.9775,4.9775,4.977,4.977,81.13312988
2018-03-17 08:03:00,4.9776,4.9872,4.975,4.9758,1569.66767324
2018-03-17 08:04:00,4.9757,4.9758,4.9757,4.9758,78.57196942
2018-03-17 08:05:00,4.9757,4.9823,4.9752,4.9823,224.086
2018-03-17 08:08:00,4.974,4.974,4.974,4.974,1.53099968
2018-03-17 08:10:00,4.9789,4.9798,4.9789,4.9798,102.5
2018-03-17 08:11:00,4.9798,4.9847,4.9798,4.9846,1112.34868196
2018-03-17 08:12:00,4.9926,4.9926,4.9926,4.9926,36.897545
2018-03-17 08:15:00,4.9901,4.9925,4.9901,4.9923,640.1222764
2018-03-17 08:16:00,4.995,4.9964,4.995,4.9964,253.6707473
2018-03-17 08:21:00,4.9921,4.9921,4.9921,4.9921,312.95410576
2018-03-17 08:22:00,4.9965,4.9965,4.9921,4.9921,36.00109
2018-03-17 08:23:00,4.9962,4.9975,4.9962,4.9975,129.999641
2018-03-17 08:27:00,4.995,4.995,4.995,4.995,200.0
2018-03-17 08:28:00,4.997,5.0015,4.997,5.0015,700.0
2018-03-17 08:29:00,4.9956,4.9983,4.9956,4.998,594.47552599
2018-03-17 08:30:00,4.998,4.998,4.998,4.998,624.67726084
2018-03-17 08:31:00,5.0042,5.009,5.0042,5.0089,285.0890667
2018-03-17 08:33:00,5.0089,5.0089,5.0025,5.0025,96.736
2018-03-17 08:34:00,5.0024,5.0096,4.9964,5.0087,2646.243
2018-03-17 08:35:00,5.0081,5.0081,4.9952,5.0058,1750.232
2018-03-17 08:36:00,5.0053,5.0053,4.9927,5.0009,1845.6303909
2018-03-17 08:38:00,4.995,4.995,4.99,4.99,1472.415
2018-03-17 08:39:00,4.99,4.9907,4.99,4.9905,865.53870738
2018-03-17 08:40:00,4.9902,4.9902,4.9901,4.9901,231.51104111
2018-03-17 08:41:00,4.9901,4.9901,4.99,4.99,658.084
2018-03-17 08:42:00,4.99,4.99,4.99,4.99,3051.63976
2018-03-17 08:43:00,4.99,4.99,4.99,4.99,62.6774
2018-03-17 08:44:00,4.9901,4.9901,4.9901,4.9901,7.5
2018-03-17 08:45:00,4.9919,4.9919,4.991,4.9917,1358.06275601
2018-03-17 08:46:00,4.9921,5.0003,4.9901,4.9999,5869.94563324
2018-03-17 08:47:00,4.9992,5.0018,4.9992,5.0018,319.09530108
2018-03-17 08:48:00,5.0098,5.019,5.009,5.0131,18227.50345318
2018-03-17 08:49:00,5.0127,5.015,5.01,5.01,218.20457481
2018-03-17 08:50:00,5.016,5.045,5.015,5.0321,9513.46183936
2018-03-17 08:51:00,5.0325,5.069,5.0325,5.069,11156.80321533
2018-03-17 08:52:00,5.0681,5.0742,5.0681,5.0683,1895.63219011
2018-03-17 08:53:00,5.069,5.069,5.0536,5.0638,3183.72229127
2018-03-17 08:55:00,5.062,5.0704,5.062,5.0701,1612.23293413
2018-03-17 08:57:00,5.0692,5.0744,5.0689,5.0744,4358.2937185
2018-03-17 08:58:00,5.0659,5.0659,5.0652,5.0652,85.671
2018-03-17 08:59:00,5.07,5.0755,5.065,5.065,639.50623274
2018-03-17 09:01:00,5.0741,5.076,5.0741,5.076,350.48751248
2018-03-17 09:02:00,5.0675,5.0675,5.0675,5.0675,80.0
2018-03-17 09:03:00,5.0761,5.0778,5.0761,5.0769,1740.92977851
2018-03-17 09:04:00,5.0757,5.0757,5.0757,5.0757,3.34856603
2018-03-17 09:05:00,5.0674,5.0674,5.0639,5.0655,826.19424191
2018-03-17 09:06:00,5.061,5.065,5.0576,5.0618,624.9558335
2018-03-17 09:07:00,5.0618,5.0618,5.0618,5.0618,183.147856
2018-03-17 09:09:00,5.0614,5.0614,5.0614,5.0614,130.88
2018-03-17 09:10:00,5.0618,5.0618,5.0616,5.0616,103.31545807
2018-03-17 09:13:00,5.0616,5.0639,5.0616,5.0639,1378.4
2018-03-17 09:16:00,5.062,5.0623,5.062,5.0623,621.06
2018-03-17 09:19:00,5.0576,5.0576,5.0576,5.0576,479.0
2018-03-17 09:21:00,5.055,5.055,5.0525,5.0525,289.474
2018-03-17 09:22:00,5.0525,5.0525,5.0525,5.0525,2.993
2018-03-17 09:23:00,5.0525,5.0525,5.0398,5.0399,652.5225943
2018-03-17 09:25:00,5.0403,5.0403,5.0398,5.0398,2425.0
2018-03-17 09:27:00,5.0441,5.0463,5.0441,5.0463,400.0
2018-03-17 09:28:00,5.0401,5.046,5.0401,5.0458,42.30301796
2018-03-17 09:29:00,5.0399,5.0399,5.0374,5.0393,880.39461757
2018-03-17 09:30:00,5.0383,5.0399,5.035,5.0399,6917.61527029
2018-03-17 09:33:00,5.0441,5.0463,5.0441,5.0463,526.8709
2018-03-17 09:35:00,5.0499,5.0499,5.0499,5.0499,2.0
2018-03-17 09:39:00,5.0454,5.0454,5.0454,5.0454,99.41173
2018-03-17 09:41:00,5.0451,5.0599,5.0451,5.0472,3053.96145677
2018-03-17 09:43:00,5.0501,5.0574,5.0501,5.0574,2488.15322025
2018-03-17 09:44:00,5.0599,5.0599,5.0422,5.0422,319.62045531
2018-03-17 09:45:00,5.0415,5.0415,5.0415,5.0415,211.71003668
2018-03-17 09:49:00,5.0477,5.0648,5.0477,5.0648,5370.008
2018-03-17 09:52:00,5.0587,5.0588,5.0587,5.0588,1502.36240235
2018-03-17 09:53:00,5.0589,5.0665,5.0555,5.0555,910.11188722
2018-03-17 09:54:00,5.0588,5.0588,5.0585,5.0585,1258.66034704
2018-03-17 09:55:00,5.0648,5.0648,5.0648,5.0648,40.0
2018-03-17 09:59:00,5.0585,5.0585,5.0516,5.0516,508.92799221
2018-03-17 10:01:00,5.0501,5.0501,5.05,5.05,175.66283
2018-03-17 10:02:00,5.0501,5.0501,5.05,5.05,658.28647574
2018-03-17 10:03:00,5.05,5.05,5.05,5.05,1960.06104129
2018-03-17 10:04:00,5.05,5.05,5.05,5.05,1497.36885513
2018-03-17 10:05:00,5.05,5.05,5.05,5.05,7082.59880075
2018-03-17 10:06:00,5.05,5.05,5.0487,5.0487,4732.86133152
2018-03-17 10:07:00,5.0382,5.0398,5.037,5.037,1102.73553674
2018-03-17 10:13:00,5.0454,5.0454,5.0452,5.0452,60.0
2018-03-17 10:14:00,5.0361,5.0361,5.036,5.036,82.70381
2018-03-17 10:17:00,5.04,5.04,5.0327,5.0327,811.363765
2018-03-17 10:18:00,5.03,5.0314,5.0159,5.0293,4370.37792502
2018-03-17 10:20:00,5.0198,5.0256,5.0153,5.0158,3747.65199619
2018-03-17 10:21:00,5.0199,5.0199,5.0199,5.0199,20.7203
2018-03-17 10:22:00,5.0199,5.0199,5.0161,5.0199,1803.643
2018-03-17 10:23:00,5.0199,5.0199,5.0162,5.0162,450.0
2018-03-17 10:24:00,5.019,5.0199,5.019,5.0199,10042.70844588
2018-03-17 10:25:00,5.0192,5.0192,5.019,5.019,112.35896379
2018-03-17 10:26:00,5.0191,5.0191,5.0191,5.0191,82.16252
2018-03-17 10:28:00,5.019,5.019,5.0189,5.0189,347.9944
2018-03-17 10:29:00,5.0189,5.0199,5.0189,5.0199,646.35733377
2018-03-17 10:30:00,5.0189,5.0278,5.0189,5.0278,503.401357
2018-03-17 10:31:00,5.0282,5.0282,5.0256,5.0256,474.517
2018-03-17 10:32:00,5.0296,5.0296,5.0263,5.0264,342.0095738
2018-03-17 10:33:00,5.027,5.027,5.027,5.027,15.91
2018-03-17 10:34:00,5.0246,5.0246,5.0246,5.0246,6.0
2018-03-17 10:35:00,5.0221,5.0237,5.0221,5.0237,116.0
2018-03-17 10:37:00,5.029,5.029,5.029,5.029,15.0056817
2018-03-17 10:38:00,5.0293,5.0304,5.0285,5.0304,638.81812212
2018-03-17 10:39:00,5.0328,5.033,5.0328,5.033,598.81812212
2018-03-17 10:40:00,5.0364,5.0365,5.0364,5.0365,1289.70695228
2018-03-17 10:41:00,5.0381,5.0426,5.0381,5.0426,1099.41552158
2018-03-17 10:42:00,5.0337,5.0337,5.0337,5.0337,322.795
2018-03-17 10:44:00,5.028,5.0308,5.028,5.03,633.81086832
2018-03-17 10:46:00,5.0225,5.0225,5.0225,5.0225,73.6377025
2018-03-17 10:47:00,5.0252,5.038,5.0252,5.037,1395.30458901
2018-03-17 10:51:00,5.0228,5.0228,5.0228,5.0228,200.0
2018-03-17 10:53:00,5.0296,5.03,5.0296,5.03,1582.5189
2018-03-17 10:54:00,5.0251,5.0323,5.0234,5.0323,1457.94009182
2018-03-17 10:55:00,5.0319,5.0319,5.0319,5.0319,43.90820603
2018-03-17 10:56:00,5.022,5.0303,5.0205,5.0213,942.48114457
2018-03-17 10:57:00,5.0186,5.03,5.0186,5.03,223.88513992
2018-03-17 10:58:00,5.0295,5.0295,5.0187,5.0187,257.17446331
2018-03-17 10:59:00,5.0278,5.0278,5.0198,5.0198,68.36937302
2018-03-17 11:01:00,5.0226,5.0278,5.0226,5.0278,1154.20756106
2018-03-17 11:02:00,5.03,5.03,5.0283,5.0284,250.6917347
2018-03-17 11:03:00,5.028,5.028,5.028,5.028,71.85629
2018-03-17 11:04:00,5.028,5.028,5.0245,5.0245,399.18317
2018-03-17 11:05:00,5.025,5.025,5.022,5.022,5400.71187526
2018-03-17 11:07:00,5.0266,5.027,5.0266,5.027,311.612278
2018-03-17 11:08:00,5.0272,5.0272,5.0272,5.0272,3.0
2018-03-17 11:09:00,5.0271,5.029,5.0271,5.0286,697.99270649
2018-03-17 11:10:00,5.0286,5.0286,5.0285,5.0285,193.806
2018-03-17 11:12:00,5.0328,5.0328,5.0328,5.0328,529.00933
2018-03-17 11:13:00,5.0328,5.04,5.0314,5.04,2514.49947353
2018-03-17 11:14:00,5.0399,5.0415,5.0399,5.0415,3994.82390809
2018-03-17 11:16:00,5.043,5.043,5.043,5.043,3400.0
2018-03-17 11:17:00,5.0431,5.0431,5.0431,5.0431,300.0
2018-03-17 11:18:00,5.045,5.052,5.0321,5.0321,4618.25383197
2018-03-17 11:19:00,5.032,5.0386,5.028,5.03,2363.97472544
2018-03-17 11:20:00,5.0369,5.042,5.0301,5.0415,4159.99675088
2018-03-17 11:21:00,5.0412,5.049,5.0383,5.04,13319.4278437
2018-03-17 11:23:00,5.0477,5.049,5.0477,5.049,5647.4819
2018-03-17 11:25:00,5.055,5.055,5.0526,5.0527,944.19125
2018-03-17 11:26:00,5.0529,5.055,5.0525,5.055,4455.716013
2018-03-17 11:30:00,5.0525,5.0525,5.0525,5.0525,680.27236552
2018-03-17 11:32:00,5.049,5.049,5.049,5.049,2.5
2018-03-17 11:34:00,5.045,5.045,5.045,5.045,65.545
2018-03-17 11:35:00,5.052,5.053,5.052,5.053,201.637
2018-03-17 11:38:00,5.0475,5.0475,5.0475,5.0475,24.95
2018-03-17 11:49:00,5.053,5.053,5.053,5.053,21.8
2018-03-17 11:50:00,5.053,5.053,5.053,5.053,4.4326
2018-03-17 11:51:00,5.045,5.045,5.0385,5.0385,993.99399883
2018-03-17 11:52:00,5.0424,5.0424,5.04,5.04,318.66077412
2018-03-17 11:55:00,5.0399,5.0399,5.0399,5.0399,0.00029234
2018-03-17 11:56:00,5.039,5.039,5.039,5.039,100.0
2018-03-17 11:57:00,5.0392,5.051,5.0392,5.047,1870.07918333
2018-03-17 11:58:00,5.04,5.04,5.04,5.04,184.458929
2018-03-17 11:59:00,5.04,5.04,5.012,5.0198,9566.50376214
2018-03-17 12:00:00,5.019,5.0198,4.9902,5.0104,5538.254855
2018-03-17 12:01:00,5.0027,5.0029,5.0027,5.0029,155.3123
2018-03-17 12:02:00,5.0,5.0071,4.993,5.0064,6427.79005
2018-03-17 12:03:00,5.0064,5.0064,4.9881,4.9881,3592.46194226
2018-03-17 12:04:00,4.988,5.0001,4.9617,4.9798,10772.93162219
2018-03-17 12:05:00,4.9683,4.9934,4.9683,4.9934,6007.66789712
2018-03-17 12:06:00,4.9928,4.9931,4.9784,4.9917,13810.99101827
2018-03-17 12:07:00,4.9915,4.998,4.981,4.9956,9991.56488458
2018-03-17 12:08:00,4.984,4.9983,4.984,4.9979,3399.15011717
2018-03-17 12:09:00,4.9882,4.995,4.9762,4.9762,864.65412463
2018-03-17 12:10:00,4.9861,4.988,4.9861,4.988,128.88301387
2018-03-17 12:11:00,4.9809,4.9883,4.9703,4.98,11287.94865832
2018-03-17 12:12:00,4.98,4.9838,4.9707,4.9727,5465.16366337
2018-03-17 12:13:00,4.973,4.9827,4.9692,4.9713,3318.10947113
2018-03-17 12:14:00,4.9791,4.9837,4.9791,4.9837,2224.7000619
2018-03-17 12:15:00,4.9885,4.9944,4.9762,4.9763,1887.43687328
2018-03-17 12:16:00,4.9831,4.9831,4.9763,4.9819,523.90307936
2018-03-17 12:17:00,4.9817,4.9817,4.9817,4.9817,8.5864
2018-03-17 12:18:00,4.9769,4.9808,4.9769,4.9771,329.64983489
2018-03-17 12:19:00,4.9773,4.9806,4.97,4.97,1700.40597629
2018-03-17 12:20:00,4.9769,4.9769,4.9672,4.9672,9396.77597729
2018-03-17 12:21:00,4.9656,4.9743,4.95,4.9591,21779.42263544
2018-03-17 12:22:00,4.9501,4.961,4.9364,4.9364,18872.50334408
2018-03-17 12:23:00,4.9469,4.9489,4.9268,4.9435,7080.96308491
2018-03-17 12:24:00,4.9457,4.9546,4.94,4.953,6976.02459744
2018-03-17 12:25:00,4.9413,4.9592,4.9393,4.9591,11624.128289
2018-03-17 12:26:00,4.963,4.967,4.9491,4.9619,19434.21923691
2018-03-17 12:27:00,4.9509,4.9607,4.9475,4.9479,2537.98672359
2018-03-17 12:28:00,4.948,4.9701,4.948,4.9699,5626.82623897
2018-03-17 12:29:00,4.9593,4.9711,4.9522,4.971,6573.19367034
2018-03-17 12:30:00,4.971,4.971,4.9601,4.9601,3541.20294196
2018-03-17 12:31:00,4.9601,4.9602,4.9431,4.952,4598.95673758
2018-03-17 12:32:00,4.9431,4.9588,4.9388,4.955,2695.62626944
2018-03-17 12:33:00,4.9423,4.953,4.9423,4.953,810.78966488
2018-03-17 12:34:00,4.947,4.9596,4.9435,4.9435,2174.39331615
2018-03-17 12:35:00,4.9478,4.9599,4.9477,4.9489,1246.39221941
2018-03-17 12:36:00,4.9505,4.954,4.9504,4.954,5089.31889619
2018-03-17 12:37:00,4.954,4.954,4.9356,4.9479,3485.305603
2018-03-17 12:38:00,4.946,4.9483,4.9321,4.9459,4414.2343877
2018-03-17 12:39:00,4.9459,4.9474,4.9333,4.9448,3009.65180572
2018-03-17 12:40:00,4.9444,4.9444,4.9331,4.9422,5180.7119073
2018-03-17 12:41:00,4.942,4.9429,4.933,4.9331,4644.52932151
2018-03-17 12:42:00,4.933,4.9331,4.92,4.9264,6245.12271222
2018-03-17 12:43:00,4.9265,4.93,4.9262,4.93,3253.26572289
2018-03-17 12:44:00,4.9349,4.9401,4.9167,4.917,14512.36324647
2018-03-17 12:45:00,4.916,4.9313,4.9156,4.9202,9746.0989
2018-03-17 12:46:00,4.9204,4.9326,4.9204,4.9325,1907.01637659
2018-03-17 12:47:00,4.9325,4.9339,4.931,4.9311,2555.20462563
2018-03-17 12:48:00,4.9311,4.9558,4.9301,4.9496,4875.2992977
2018-03-17 12:49:00,4.9496,4.9496,4.941,4.941,860.66731976
2018-03-17 12:50:00,4.9442,4.9443,4.928,4.9281,3056.51794694
2018-03-17 12:51:00,4.9318,4.939,4.9246,4.9341,2926.00997156
2018-03-17 12:52:00,4.9302,4.9365,4.9267,4.9365,1045.5946028
2018-03-17 12:53:00,4.935,4.936,4.9256,4.9256,563.04368367
2018-03-17 12:54:00,4.9359,4.936,4.9358,4.936,1924.52811111
2018-03-17 12:55:00,4.9385,4.9389,4.9301,4.931,2257.95701778
2018-03-17 12:56:00,4.9316,4.9316,4.931,4.931,1832.08501
2018-03-17 12:57:00,4.9343,4.9388,4.925,4.925,5542.42263389
2018-03-17 12:58:00,4.9251,4.9382,4.9251,4.9382,355.43436
2018-03-17 12:59:00,4.93,4.9347,4.93,4.9346,1098.12215568
2018-03-17 13:00:00,4.9344,4.935,4.934,4.935,2275.68586
2018-03-17 13:01:00,4.9386,4.9386,4.931,4.9376,3919.90126545
2018-03-17 13:02:00,4.9387,4.9444,4.9328,4.9333,5051.80191846
2018-03-17 13:03:00,4.935,4.9456,4.935,4.9456,2025.44770323
2018-03-17 13:04:00,4.94,4.94,4.9353,4.9353,743.97414145
2018-03-17 13:05:00,4.94,4.94,4.9384,4.9384,254.54736244
2018-03-17 13:06:00,4.9403,4.9475,4.9374,4.9475,3059.24735479
2018-03-17 13:07:00,4.9361,4.9435,4.9361,4.9435,159.60833045
2018-03-17 13:08:00,4.943,4.9535,4.9351,4.9351,3342.93234198
2018-03-17 13:09:00,4.9351,4.9474,4.9351,4.9351,3181.59053244
2018-03-17 13:10:00,4.9316,4.9323,4.9251,4.9261,2453.65646315
2018-03-17 13:11:00,4.9262,4.9313,4.922,4.923,4590.11966636
2018-03-17 13:12:00,4.923,4.9238,4.918,4.918,3463.36779593
2018-03-17 13:13:00,4.9183,4.9183,4.9,4.9111,10502.6070023
2018-03-17 13:14:00,4.9131,4.9238,4.9131,4.9237,6452.93832316
2018-03-17 13:15:00,4.9219,4.9219,4.9128,4.9128,940.18532622
2018-03-17 13:16:00,4.908,4.9125,4.908,4.91,789.8689783
2018-03-17 13:17:00,4.9101,4.9209,4.91,4.9209,5073.7468128
2018-03-17 13:18:00,4.912,4.9236,4.912,4.9236,2311.14529171
2018-03-17 13:19:00,4.9233,4.9248,4.915,4.924,3185.02077749
2018-03-17 13:20:00,4.924,4.9283,4.924,4.9283,862.43281939
2018-03-17 13:21:00,4.9281,4.933,4.925,4.933,5871.6589
2018-03-17 13:22:00,4.933,4.933,4.9185,4.9185,5000.0
2018-03-17 13:23:00,4.9242,4.93,4.9242,4.93,4662.1525
2018-03-17 13:24:00,4.93,4.9385,4.9177,4.9385,14898.92768386
2018-03-17 13:25:00,4.9349,4.947,4.9321,4.946,7761.15280594
2018-03-17 13:26:00,4.945,4.945,4.9337,4.9337,647.9833562
2018-03-17 13:27:00,4.9289,4.9289,4.9289,4.9289,71.69315
2018-03-17 13:28:00,4.9306,4.9306,4.9306,4.9306,81.54502
2018-03-17 13:29:00,4.9311,4.9328,4.9255,4.9266,2355.36229736
2018-03-17 13:30:00,4.9264,4.9265,4.9214,4.9214,369.96
2018-03-17 13:31:00,4.9263,4.9263,4.9263,4.9263,33.23229437
2018-03-17 13:32:00,4.927,4.927,4.923,4.923,1301.31673244
2018-03-17 13:33:00,4.923,4.923,4.913,4.913,6207.62236106
2018-03-17 13:34:00,4.913,4.913,4.874,4.8855,31877.12781539
2018-03-17 13:35:00,4.8855,4.8999,4.86,4.897,77569.27684217
2018-03-17 13:36:00,4.898,4.8991,4.8899,4.8899,16491.48252441
2018-03-17 13:37:00,4.8899,4.8899,4.8862,4.8862,806.93825954
2018-03-17 13:38:00,4.8819,4.89,4.8799,4.89,1475.72809801
2018-03-17 13:39:00,4.89,4.904,4.8892,4.904,2278.09494857
2018-03-17 13:40:00,4.9,4.901,4.9,4.9,2033.44503277
2018-03-17 13:41:00,4.9,4.9,4.8884,4.8884,372.54462723
2018-03-17 13:42:00,4.8973,4.8974,4.8903,4.8903,314.50631883
2018-03-17 13:43:00,4.8903,4.8939,4.8768,4.8768,1231.81285
2018-03-17 13:44:00,4.879,4.89,4.878,4.8891,1580.0
2018-03-17 13:45:00,4.881,4.8898,4.8746,4.8898,8308.9
2018-03-17 13:46:00,4.8792,4.8792,4.8791,4.8791,360.0
2018-03-17 13:47:00,4.8728,4.8758,4.8581,4.8581,7331.1651219
2018-03-17 13:48:00,4.862,4.87,4.861,4.8689,5857.21853
2018-03-17 13:49:00,4.8691,4.879,4.869,4.877,2717.55889467
2018-03-17 13:50:00,4.8788,4.8788,4.858,4.8644,5284.14009334
2018-03-17 13:51:00,4.8664,4.8691,4.858,4.8685,2631.08338185
2018-03-17 13:52:00,4.8688,4.8689,4.8664,4.8683,475.05053796
2018-03-17 13:53:00,4.8687,4.8795,4.8687,4.8795,3995.14508952
2018-03-17 13:54:00,4.8804,4.8804,4.8802,4.8803,2501.33972358
2018-03-17 13:55:00,4.8801,4.8854,4.8801,4.8854,6453.29795973
2018-03-17 13:56:00,4.8862,4.8862,4.8862,4.8862,46.86037
2018-03-17 13:57:00,4.883,4.8887,4.879,4.8887,4329.85235131
2018-03-17 13:58:00,4.8876,4.8889,4.8808,4.8889,1905.03470712
2018-03-17 13:59:00,4.8899,4.8899,4.8899,4.8899,122.83702
2018-03-17 14:00:00,4.89,4.9,4.89,4.9,6037.40626482
2018-03-17 14:01:00,4.9,4.9204,4.9,4.918,3947.10302449
2018-03-17 14:02:00,4.9108,4.9179,4.91,4.9102,1262.51916116
2018-03-17 14:03:00,4.9189,4.9189,4.915,4.9167,256.23894904
2018-03-17 14:04:00,4.9199,4.9199,4.9199,4.9199,100.0
2018-03-17 14:05:00,4.9104,4.9197,4.91,4.9197,1524.11996533
2018-03-17 14:06:00,4.9105,4.9105,4.91,4.91,110.61454622
2018-03-17 14:07:00,4.91,4.91,4.9,4.9,5059.10880516
2018-03-17 14:08:00,4.8996,4.8996,4.881,4.8897,7711.86350526
2018-03-17 14:09:00,4.8896,4.8896,4.88,4.8855,1434.18835278
2018-03-17 14:10:00,4.8897,4.8919,4.8833,4.8919,804.25745109
2018-03-17 14:11:00,4.8881,4.8927,4.8822,4.8927,462.52383543
2018-03-17 14:13:00,4.8829,4.8829,4.879,4.879,350.85258667
2018-03-17 14:14:00,4.8813,4.8884,4.8789,4.8789,1643.94958097
2018-03-17 14:15:00,4.8861,4.8868,4.8861,4.8868,1401.673
2018-03-17 14:16:00,4.8791,4.8791,4.8791,4.8791,20.68972067
2018-03-17 14:17:00,4.888,4.888,4.888,4.888,3145.34941117
2018-03-17 14:18:00,4.8904,4.8904,4.8904,4.8904,23.8348
2018-03-17 14:19:00,4.8881,4.8913,4.8881,4.8882,2161.92429
2018-03-17 14:20:00,4.8933,4.8943,4.8892,4.8943,582.16395335
2018-03-17 14:21:00,4.8942,4.8942,4.8942,4.8942,3.26
2018-03-17 14:22:00,4.8933,4.8933,4.8933,4.8933,50.0
2018-03-17 14:23:00,4.8933,4.91,4.8901,4.91,1282.12960278
2018-03-17 14:24:00,4.91,4.91,4.9099,4.91,4224.18460766
2018-03-17 14:25:00,4.91,4.924,4.91,4.9114,8312.42358965
2018-03-17 14:26:00,4.92,4.92,4.92,4.92,3453.18853395
2018-03-17 14:27:00,4.9118,4.9118,4.9095,4.9095,8.685
2018-03-17 14:28:00,4.9187,4.92,4.9106,4.92,1301.92720473
2018-03-17 14:29:00,4.92,4.92,4.9199,4.92,2013.62146605
2018-03-17 14:30:00,4.9131,4.9131,4.9131,4.9131,102.12966
2018-03-17 14:31:00,4.9106,4.9106,4.9106,4.9106,4.1916
2018-03-17 14:34:00,4.913,4.913,4.913,4.913,81.381
2018-03-17 14:37:00,4.915,4.915,4.911,4.911,20070.52776
2018-03-17 14:38:00,4.911,4.911,4.911,4.911,265.487388
2018-03-17 14:41:00,4.9115,4.9115,4.9115,4.9115,711.0
2018-03-17 14:42:00,4.9114,4.912,4.9014,4.9014,4463.65882902
2018-03-17 14:43:00,4.9124,4.9126,4.91,4.91,103.004967
2018-03-17 14:44:00,4.91,4.91,4.904,4.904,25.33518201
2018-03-17 14:45:00,4.904,4.9087,4.9,4.9,3690.44264966
2018-03-17 14:46:00,4.9,4.9001,4.897,4.897,3734.543625
2018-03-17 14:47:00,4.8979,4.8979,4.8979,4.8979,45.0
2018-03-17 14:48:00,4.897,4.897,4.89,4.89,301.28828311
2018-03-17 14:49:00,4.89,4.89,4.8647,4.8719,6210.70701972
2018-03-17 14:50:00,4.8756,4.8791,4.8589,4.872,31962.24487781
2018-03-17 14:51:00,4.8748,4.8789,4.8748,4.8773,1498.8812441
2018-03-17 14:52:00,4.878,4.878,4.8651,4.872,1968.27876445
2018-03-17 14:53:00,4.8747,4.8784,4.8721,4.8721,1372.0394
2018-03-17 14:54:00,4.8811,4.8813,4.867,4.867,2776.12001568
2018-03-17 14:55:00,4.8699,4.8701,4.8699,4.8701,1199.6
2018-03-17 14:56:00,4.8705,4.8705,4.8705,4.8705,2400.0
2018-03-17 14:57:00,4.871,4.876,4.8696,4.876,1900.0
2018-03-17 14:58:00,4.8693,4.8693,4.8638,4.8682,822.27852404
2018-03-17 14:59:00,4.8614,4.8693,4.86,4.8616,1332.6548
2018-03-17 15:00:00,4.8688,4.8738,4.867,4.8738,848.57819905
2018-03-17 15:01:00,4.8728,4.8738,4.8673,4.8673,1007.92320117
2018-03-17 15:02:00,4.8719,4.872,4.8717,4.8717,368.66009959
2018-03-17 15:03:00,4.867,4.867,4.858,4.8624,7926.8183
2018-03-17 15:04:00,4.8595,4.8595,4.8595,4.8595,9.39459
2018-03-17 15:05:00,4.8631,4.8631,4.8522,4.8628,1667.346
2018-03-17 15:06:00,4.8622,4.8622,4.8508,4.8579,3130.09504058
2018-03-17 15:07:00,4.8578,4.8578,4.8405,4.8406,9232.16395356
2018-03-17 15:08:00,4.8494,4.8494,4.8,4.8,40249.93498066
2018-03-17 15:09:00,4.8015,4.8159,4.796,4.8021,18384.53998636
2018-03-17 15:10:00,4.8139,4.8139,4.796,4.8,576.69621184
2018-03-17 15:11:00,4.798,4.8044,4.7802,4.8015,21340.14552667
2018-03-17 15:12:00,4.7974,4.8125,4.7855,4.7905,3791.44708939
2018-03-17 15:13:00,4.796,4.8077,4.7743,4.7921,12394.52361281
2018-03-17 15:14:00,4.7919,4.7919,4.7672,4.77,10017.1469733
2018-03-17 15:15:00,4.77,4.7823,4.77,4.7802,1046.5519848
2018-03-17 15:16:00,4.7802,4.7958,4.7802,4.79,4788.28522256
2018-03-17 15:17:00,4.795,4.8007,4.79,4.795,2157.32125141
2018-03-17 15:18:00,4.7991,4.804,4.7991,4.804,862.61884245
2018-03-17 15:19:00,4.7981,4.7981,4.798,4.798,376.06506
2018-03-17 15:20:00,4.798,4.7999,4.79,4.79,1857.88202448
2018-03-17 15:21:00,4.7987,4.7987,4.7766,4.788,13814.33592847
2018-03-17 15:22:00,4.7915,4.7962,4.788,4.789,5942.03558742
2018-03-17 15:23:00,4.796,4.8034,4.796,4.7998,1535.33168
2018-03-17 15:24:00,4.7903,4.7973,4.7903,4.7919,1187.80893642
2018-03-17 15:25:00,4.7921,4.793,4.789,4.789,2577.49905481
2018-03-17 15:26:00,4.7913,4.7913,4.785,4.785,1714.40513621
2018-03-17 15:27:00,4.79,4.7937,4.79,4.7936,460.26213
2018-03-17 15:28:00,4.785,4.785,4.7808,4.7808,1823.59698747
2018-03-17 15:29:00,4.7805,4.7805,4.77,4.777,2982.029529
2018-03-17 15:30:00,4.7756,4.7757,4.773,4.773,20137.154565
2018-03-17 15:31:00,4.7791,4.7791,4.7791,4.7791,20.0
2018-03-17 15:32:00,4.7703,4.7755,4.7672,4.7676,4102.47769781
2018-03-17 15:33:00,4.7738,4.7746,4.7676,4.7746,600.51342834
2018-03-17 15:34:00,4.7682,4.7739,4.7681,4.7682,1267.29589142
2018-03-17 15:35:00,4.7807,4.7872,4.7751,4.7752,4400.62026265
2018-03-17 15:36:00,4.7722,4.7936,4.7701,4.7934,5076.87693714
2018-03-17 15:37:00,4.7938,4.7986,4.7776,4.785,14552.48556836
2018-03-17 15:38:00,4.7891,4.7937,4.7888,4.793,2326.39019732
2018-03-17 15:39:00,4.7919,4.7977,4.7919,4.7971,28059.49522421
2018-03-17 15:40:00,4.7971,4.7972,4.792,4.7968,886.73689
2018-03-17 15:41:00,4.795,4.795,4.7921,4.7946,175.15617
2018-03-17 15:44:00,4.7966,4.7966,4.7966,4.7966,453.08580518
2018-03-17 15:45:00,4.7966,4.7971,4.7966,4.7971,109.99972467
2018-03-17 15:46:00,4.7966,4.7966,4.7804,4.7804,5125.74869075
2018-03-17 15:47:00,4.7751,4.7751,4.7672,4.7672,320.7341195
2018-03-17 15:48:00,4.772,4.7774,4.7656,4.7774,1583.30893751
2018-03-17 15:49:00,4.7671,4.7748,4.7671,4.7672,2346.91292299
2018-03-17 15:50:00,4.7784,4.7804,4.7609,4.7609,8034.98203939
2018-03-17 15:51:00,4.7608,4.7781,4.7608,4.7781,2292.17527918
2018-03-17 15:52:00,4.7743,4.7743,4.766,4.766,82.322998
2018-03-17 15:53:00,4.7708,4.775,4.7704,4.7708,2864.157
2018-03-17 15:54:00,4.7708,4.7791,4.7656,4.7787,7156.62584761
2018-03-17 15:55:00,4.7786,4.7786,4.774,4.774,812.52262
2018-03-17 15:56:00,4.774,4.774,4.7733,4.774,747.91408
2018-03-17 15:57:00,4.78,4.78,4.7734,4.7734,8151.7490436
2018-03-17 15:58:00,4.7822,4.7822,4.7822,4.7822,20.93347
2018-03-17 15:59:00,4.7821,4.7821,4.7821,4.7821,22.0
2018-03-17 16:00:00,4.7847,4.7881,4.7847,4.7881,31.20904109
2018-03-17 16:01:00,4.7859,4.7859,4.7851,4.7851,75.83839826
2018-03-17 16:02:00,4.795,4.795,4.7868,4.7868,925.71511
2018-03-17 16:03:00,4.7882,4.7954,4.786,4.786,4276.55579858
2018-03-17 16:04:00,4.786,4.7877,4.786,4.7877,714.9103451
2018-03-17 16:05:00,4.7873,4.79,4.78,4.78,3602.44648335
2018-03-17 16:06:00,4.78,4.78,4.7782,4.7782,355.52698619
2018-03-17 16:07:00,4.7814,4.7814,4.7763,4.7763,74.64039699
2018-03-17 16:08:00,4.7689,4.779,4.7684,4.7684,1606.4415339
2018-03-17 16:09:00,4.7695,4.7779,4.7679,4.7679,176.42777477
2018-03-17 16:10:00,4.7777,4.7777,4.7609,4.774,469.04495474
2018-03-17 16:11:00,4.7727,4.7795,4.7673,4.7727,2885.552
2018-03-17 16:12:00,4.7814,4.7814,4.7745,4.7745,3707.074
2018-03-17 16:13:00,4.7814,4.7814,4.7814,4.7814,57.708
2018-03-17 16:14:00,4.7814,4.7814,4.7814,4.7814,10.0
2018-03-17 16:15:00,4.7783,4.7789,4.7771,4.7789,112.40547929
2018-03-17 16:16:00,4.7786,4.7786,4.7786,4.7786,55.0
2018-03-17 16:17:00,4.7785,4.782,4.7784,4.782,2748.91790205
2018-03-17 16:18:00,4.7886,4.789,4.7886,4.789,1156.55296005
2018-03-17 16:19:00,4.7818,4.7821,4.7802,4.7802,93.02624624
2018-03-17 16:20:00,4.782,4.782,4.782,4.782,42.0
2018-03-17 16:21:00,4.782,4.782,4.782,4.782,48.74584858
2018-03-17 16:22:00,4.7925,4.7925,4.7912,4.7912,609.655
2018-03-17 16:23:00,4.7929,4.804,4.7909,4.804,3543.63605301
2018-03-17 16:24:00,4.804,4.8096,4.804,4.8096,141.17950816
2018-03-17 16:26:00,4.8099,4.8222,4.8099,4.8222,511.39917695
2018-03-17 16:27:00,4.8235,4.824,4.82,4.824,605.57732704
2018-03-17 16:28:00,4.8202,4.8279,4.8031,4.8154,1792.90000159
2018-03-17 16:29:00,4.7988,4.805,4.7988,4.805,798.0
2018-03-17 16:30:00,4.8076,4.8076,4.801,4.8062,349.4558
2018-03-17 16:31:00,4.8061,4.8062,4.8061,4.8062,591.89979009
2018-03-17 16:32:00,4.806,4.8114,4.806,4.8114,822.0
2018-03-17 16:33:00,4.8112,4.8222,4.8091,4.8091,1525.92030911
2018-03-17 16:34:00,4.8111,4.8206,4.806,4.806,1408.7425775
2018-03-17 16:36:00,4.8141,4.8164,4.804,4.8051,811.66814193
2018-03-17 16:37:00,4.8,4.8,4.7908,4.7908,500.8778
2018-03-17 16:41:00,4.7911,4.7911,4.7823,4.7823,1252.55093628
2018-03-17 16:42:00,4.782,4.782,4.7817,4.782,827.99448914
2018-03-17 16:43:00,4.782,4.7827,4.7771,4.7771,2935.36319382
2018-03-17 16:44:00,4.7863,4.7863,4.776,4.784,587.53466947
2018-03-17 16:45:00,4.7838,4.7961,4.7777,4.7961,387.992
2018-03-17 16:46:00,4.7951,4.7951,4.7951,4.7951,10.0
2018-03-17 16:49:00,4.7881,4.7881,4.7764,4.7764,217.62085492
2018-03-17 16:50:00,4.776,4.776,4.767,4.774,7144.34108609
2018-03-17 16:51:00,4.7782,4.7783,4.7782,4.7783,278.70476931
2018-03-17 16:52:00,4.7782,4.7782,4.765,4.7733,88.20174488
2018-03-17 16:53:00,4.7725,4.7725,4.7589,4.7589,2765.90186556
2018-03-17 16:54:00,4.7589,4.7608,4.7589,4.7589,426.35578162
2018-03-17 16:55:00,4.7589,4.7655,4.7514,4.764,4452.18047235
2018-03-17 16:56:00,4.7617,4.7697,4.7562,4.7562,538.89525677
2018-03-17 16:57:00,4.7566,4.7566,4.7543,4.7543,182.421
2018-03-17 16:58:00,4.7515,4.7515,4.75,4.75,2104.5523432
2018-03-17 16:59:00,4.7506,4.764,4.7506,4.7625,2691.85458647
2018-03-17 17:01:00,4.7608,4.7698,4.7608,4.7697,271.53841868
2018-03-17 17:02:00,4.7701,4.7703,4.7701,4.7703,48.65660791
2018-03-17 17:03:00,4.7699,4.7699,4.7699,4.7699,852.73236177
2018-03-17 17:04:00,4.7628,4.7628,4.7607,4.7607,47.67694931
2018-03-17 17:05:00,4.7607,4.7688,4.7601,4.7687,130.59992702
2018-03-17 17:06:00,4.7688,4.7708,4.7688,4.7708,150.0
2018-03-17 17:07:00,4.7731,4.7732,4.7731,4.7732,300.0
2018-03-17 17:08:00,4.7812,4.7812,4.7679,4.7679,1919.1691159
2018-03-17 17:10:00,4.7664,4.7664,4.7664,4.7664,318.0
2018-03-17 17:11:00,4.7615,4.7723,4.7498,4.7723,7121.02311642
2018-03-17 17:12:00,4.7633,4.7673,4.7633,4.766,1258.2267714
2018-03-17 17:14:00,4.7687,4.7687,4.7686,4.7686,242.85992
2018-03-17 17:15:00,4.7701,4.7701,4.7676,4.7685,147.05573
2018-03-17 17:20:00,4.7604,4.7604,4.7604,4.7604,10.0
2018-03-17 17:21:00,4.7657,4.7663,4.7657,4.7662,103.50263688
2018-03-17 17:22:00,4.7716,4.78,4.7716,4.78,116.91297256
2018-03-17 17:24:00,4.773,4.788,4.77,4.77,21305.80620587
2018-03-17 17:25:00,4.77,4.77,4.77,4.77,39.83314661
2018-03-17 17:26:00,4.7743,4.7935,4.7743,4.7841,11137.80343147
2018-03-17 17:27:00,4.7779,4.7869,4.7779,4.7869,1275.60185032
2018-03-17 17:28:00,4.7883,4.8009,4.7883,4.8,5708.28536396
2018-03-17 17:29:00,4.7995,4.8149,4.7891,4.79,5687.07521088
2018-03-17 17:30:00,4.793,4.8,4.79,4.8,3917.84989952
2018-03-17 17:31:00,4.794,4.8,4.794,4.7986,5861.76795062
2018-03-17 17:32:00,4.794,4.794,4.79,4.791,674.83140027
2018-03-17 17:34:00,4.7805,4.7805,4.78,4.78,76.464
2018-03-17 17:35:00,4.775,4.781,4.775,4.781,77.19019428
2018-03-17 17:36:00,4.774,4.7766,4.771,4.771,1490.13644379
2018-03-17 17:37:00,4.7792,4.78,4.772,4.78,70.68783388
2018-03-17 17:38:00,4.7779,4.7783,4.772,4.772,535.0
2018-03-17 17:40:00,4.773,4.7749,4.773,4.7749,134.00529607
2018-03-17 17:41:00,4.773,4.7738,4.77,4.7738,424.79379105
2018-03-17 17:42:00,4.7662,4.7759,4.7662,4.7759,20.22965996
2018-03-17 17:43:00,4.77,4.77,4.7699,4.7699,13.0
2018-03-17 17:44:00,4.77,4.7759,4.77,4.77,61.79
2018-03-17 17:45:00,4.7699,4.7699,4.7699,4.7699,12.53192122
2018-03-17 17:46:00,4.773,4.773,4.7698,4.7698,50.68453794
2018-03-17 17:47:00,4.776,4.776,4.776,4.776,10.0
2018-03-17 17:48:00,4.776,4.776,4.7693,4.7693,471.15619197
2018-03-17 17:49:00,4.7693,4.7693,4.7643,4.7645,266.33053703
2018-03-17 17:50:00,4.7684,4.7684,4.7618,4.7669,69.0
2018-03-17 17:51:00,4.7659,4.766,4.7618,4.7618,183.33333
2018-03-17 17:52:00,4.7618,4.7618,4.76,4.76,1318.16333297
2018-03-17 17:53:00,4.7568,4.7568,4.7568,4.7568,60.0
2018-03-17 17:54:00,4.755,4.755,4.7485,4.75,1469.48178604
2018-03-17 17:55:00,4.75,4.75,4.7491,4.7491,1179.08
2018-03-17 17:57:00,4.7566,4.757,4.7503,4.751,1578.10062642
2018-03-17 17:58:00,4.751,4.751,4.751,4.751,7.88255755
2018-03-17 18:00:00,4.751,4.76,4.751,4.7571,744.68977582
2018-03-17 18:01:00,4.7561,4.7561,4.7559,4.7559,1817.07777194
2018-03-17 18:02:00,4.7559,4.756,4.7558,4.756,4760.61375493
2018-03-17 18:03:00,4.756,4.7655,4.756,4.7655,4723.55702133
2018-03-17 18:05:00,4.7644,4.7644,4.7644,4.7644,9.15147586
2018-03-17 18:06:00,4.7649,4.7649,4.762,4.762,24.368
2018-03-17 18:09:00,4.758,4.758,4.758,4.758,15.0
2018-03-17 18:10:00,4.763,4.7762,4.763,4.7749,6499.87813603
2018-03-17 18:11:00,4.7654,4.7654,4.7654,4.7654,2.0
2018-03-17 18:13:00,4.7646,4.7646,4.7646,4.7646,166.6389
2018-03-17 18:14:00,4.7649,4.769,4.756,4.756,2000.46108204
2018-03-17 18:15:00,4.756,4.762,4.7522,4.762,2351.34626719
2018-03-17 18:16:00,4.762,4.772,4.762,4.772,143.2856227
2018-03-17 18:17:00,4.765,4.7696,4.765,4.7696,141.57635559
2018-03-17 18:19:00,4.775,4.78,4.775,4.78,205.53633218
2018-03-17 18:22:00,4.7749,4.7749,4.765,4.765,299.70620155
2018-03-17 18:23:00,4.765,4.7676,4.765,4.7676,115.32133
2018-03-17 18:24:00,4.765,4.765,4.7622,4.7622,220.40409845
2018-03-17 18:25:00,4.7709,4.7709,4.762,4.762,115.1945
2018-03-17 18:26:00,4.762,4.762,4.762,4.762,144.35823
2018-03-17 18:27:00,4.762,4.7677,4.762,4.762,420.47382
2018-03-17 18:28:00,4.7648,4.7648,4.7543,4.76,672.85815413
2018-03-17 18:29:00,4.7532,4.7532,4.7523,4.7523,159.82192413
2018-03-17 18:31:00,4.76,4.76,4.76,4.76,322.68811502
2018-03-17 18:33:00,4.7674,4.7695,4.76,4.76,680.25488764
2018-03-17 18:34:00,4.76,4.775,4.76,4.775,12666.68811502
2018-03-17 18:35:00,4.7672,4.7672,4.7672,4.7672,36.86911665
2018-03-17 18:36:00,4.7666,4.768,4.7666,4.768,55.45597728
2018-03-17 18:40:00,4.7639,4.769,4.76,4.76,3044.46219821
2018-03-17 18:41:00,4.76,4.76,4.75,4.75,8865.04520885
2018-03-17 18:42:00,4.75,4.7513,4.75,4.7513,185.76912116
2018-03-17 18:43:00,4.7503,4.7503,4.7501,4.7501,195.341
2018-03-17 18:44:00,4.7503,4.754,4.75,4.75,82.5594
2018-03-17 18:45:00,4.75,4.7501,4.7464,4.7464,975.05836121
2018-03-17 18:46:00,4.7464,4.7464,4.741,4.741,4005.0
2018-03-17 18:47:00,4.7477,4.7477,4.7419,4.7419,16.9465
2018-03-17 18:48:00,4.7423,4.7423,4.741,4.741,38.91228974
2018-03-17 18:49:00,4.74,4.74,4.7244,4.7292,22454.62219534
2018-03-17 18:50:00,4.7292,4.7292,4.7167,4.724,20624.48053204
2018-03-17 18:51:00,4.724,4.7274,4.7167,4.72,9466.1167773
2018-03-17 18:52:00,4.72,4.7217,4.7152,4.7152,6358.66739867
2018-03-17 18:53:00,4.7131,4.7131,4.6885,4.695,12791.92904385
2018-03-17 18:54:00,4.695,4.7,4.694,4.694,1583.29670996
2018-03-17 18:55:00,4.694,4.694,4.6872,4.6873,1425.00269025
2018-03-17 18:56:00,4.6874,4.6997,4.68,4.6997,5905.36625849
2018-03-17 18:57:00,4.6997,4.7049,4.6898,4.6898,4401.25971683
2018-03-17 18:58:00,4.69,4.7013,4.69,4.7013,827.23897005
2018-03-17 18:59:00,4.7011,4.7011,4.6916,4.6921,2161.4725
2018-03-17 19:00:00,4.6985,4.7004,4.683,4.683,2229.72213824
2018-03-17 19:01:00,4.68,4.6831,4.68,4.6831,262.763769
2018-03-17 19:02:00,4.68,4.68,4.677,4.677,1083.93117049
2018-03-17 19:03:00,4.677,4.677,4.677,4.677,518.00180481
2018-03-17 19:04:00,4.6807,4.6807,4.675,4.675,2188.85658757
2018-03-17 19:05:00,4.6725,4.6725,4.6326,4.6344,31211.76109789
2018-03-17 19:06:00,4.6482,4.6529,4.6265,4.6529,16427.02211718
2018-03-17 19:07:00,4.6381,4.6496,4.6321,4.6451,1593.88752303
2018-03-17 19:08:00,4.6434,4.6434,4.6265,4.63,9995.66614073
2018-03-17 19:09:00,4.6301,4.6323,4.5793,4.6266,110404.03273017
2018-03-17 19:10:00,4.6263,4.6389,4.6082,4.6332,7634.87223072
2018-03-17 19:11:00,4.6331,4.6331,4.6171,4.6171,14864.70120353
2018-03-17 19:12:00,4.6172,4.6173,4.6171,4.6171,6392.93476478
2018-03-17 19:13:00,4.6175,4.626,4.6175,4.626,4183.37071659
2018-03-17 19:14:00,4.626,4.6404,4.626,4.639,2576.49368176
2018-03-17 19:15:00,4.639,4.6391,4.6281,4.6342,335.46699404
2018-03-17 19:16:00,4.6389,4.6389,4.6347,4.6387,1367.16133342
2018-03-17 19:17:00,4.6377,4.639,4.6357,4.639,5269.14411967
2018-03-17 19:18:00,4.6357,4.639,4.6195,4.6196,7976.41279183
2018-03-17 19:19:00,4.6156,4.6197,4.6101,4.6197,733.93934443
2018-03-17 19:20:00,4.6197,4.6197,4.5999,4.6166,22014.12458706
2018-03-17 19:21:00,4.6091,4.6163,4.6022,4.6153,2666.48372535
2018-03-17 19:22:00,4.6153,4.6153,4.6081,4.6082,1017.39476623
2018-03-17 19:23:00,4.6082,4.6082,4.6059,4.6059,426.98670212
2018-03-17 19:24:00,4.6069,4.6118,4.6058,4.6118,1300.37301875
2018-03-17 19:25:00,4.6141,4.6141,4.607,4.613,212.04633757
2018-03-17 19:26:00,4.6129,4.6152,4.6091,4.6152,396.994
2018-03-17 19:27:00,4.612,4.6227,4.612,4.6227,874.56802325
2018-03-17 19:29:00,4.623,4.6283,4.6167,4.6282,1622.15310247
2018-03-17 19:30:00,4.62,4.6236,4.6109,4.6234,1717.371031
2018-03-17 19:34:00,4.6203,4.6226,4.6146,4.6146,3089.0
2018-03-17 19:35:00,4.6183,4.6183,4.6183,4.6183,520.813
2018-03-17 19:36:00,4.6277,4.6277,4.6277,4.6277,5.99
2018-03-17 19:38:00,4.6183,4.6257,4.6183,4.6257,785.57924998
2018-03-17 19:39:00,4.6245,4.6245,4.618,4.618,604.50900876
2018-03-17 19:40:00,4.6158,4.6256,4.6158,4.6256,385.04847149
2018-03-17 19:41:00,4.625,4.625,4.6141,4.6141,177.34582679
2018-03-17 19:42:00,4.6097,4.6097,4.607,4.607,93.717845
2018-03-17 19:43:00,4.6069,4.607,4.6069,4.607,107.88014657
2018-03-17 19:44:00,4.607,4.607,4.5781,4.584,25391.57013813
2018-03-17 19:45:00,4.5844,4.5907,4.58,4.5902,2118.083273
2018-03-17 19:46:00,4.584,4.5907,4.5739,4.5791,6442.93495344
2018-03-17 19:47:00,4.5898,4.5898,4.5897,4.5897,407.48
2018-03-17 19:48:00,4.5895,4.5901,4.5895,4.5901,905.0
2018-03-17 19:49:00,4.5876,4.5883,4.5824,4.5869,2924.04630233
2018-03-17 19:50:00,4.5848,4.5848,4.5824,4.5848,337.3299
2018-03-17 19:51:00,4.5825,4.5843,4.5502,4.5609,28709.6271544
2018-03-17 19:52:00,4.5608,4.5656,4.5285,4.5378,55339.68942241
2018-03-17 19:53:00,4.5378,4.5589,4.5171,4.5588,31850.22603059
2018-03-17 19:54:00,4.5527,4.561,4.5505,4.5567,1886.03201124
2018-03-17 19:55:00,4.5511,4.5566,4.5511,4.5539,729.2129864
2018-03-17 19:56:00,4.551,4.5563,4.5509,4.555,437.85099782
2018-03-17 19:57:00,4.5548,4.5558,4.5509,4.5552,592.59130256
2018-03-17 19:58:00,4.5551,4.5653,4.5515,4.5653,7695.48880177
2018-03-17 19:59:00,4.5666,4.591,4.5666,4.591,6774.79718919
2018-03-17 20:00:00,4.591,4.622,4.591,4.601,18088.49381805
2018-03-17 20:01:00,4.6023,4.6025,4.59,4.6017,847.716171
2018-03-17 20:02:00,4.5954,4.5956,4.5954,4.5956,731.953
2018-03-17 20:03:00,4.5953,4.6008,4.5882,4.6008,542.69198716
2018-03-17 20:04:00,4.5949,4.5996,4.5949,4.5996,4045.70936022
2018-03-17 20:05:00,4.5857,4.5923,4.5817,4.5817,5724.86897916
2018-03-17 20:06:00,4.578,4.578,4.5705,4.5705,69.87469269
2018-03-17 20:07:00,4.5734,4.5818,4.56,4.56,8341.75549802
2018-03-17 20:08:00,4.56,4.5668,4.55,4.55,4765.83546878
2018-03-17 20:09:00,4.55,4.5648,4.5461,4.55,2522.70724885
2018-03-17 20:10:00,4.5593,4.5593,4.555,4.555,76.8783
2018-03-17 20:11:00,4.5553,4.5553,4.549,4.5538,2350.9261
2018-03-17 20:12:00,4.5577,4.5577,4.556,4.557,3179.71090207
2018-03-17 20:13:00,4.557,4.5576,4.5544,4.5574,6406.21535214
2018-03-17 20:14:00,4.5575,4.5576,4.5575,4.5576,500.0
2018-03-17 20:15:00,4.5565,4.5576,4.5565,4.5576,695.7868
2018-03-17 20:16:00,4.5575,4.5575,4.5575,4.5575,33.8868
2018-03-17 20:17:00,4.5575,4.5577,4.5575,4.5577,774.980478
2018-03-17 20:18:00,4.5584,4.5611,4.5584,4.561,269.416
2018-03-17 20:19:00,4.5618,4.5627,4.56,4.56,1576.744
2018-03-17 20:20:00,4.5621,4.5621,4.5621,4.5621,148.09859116
2018-03-17 20:21:00,4.5622,4.5626,4.5622,4.5622,1070.50039999
2018-03-17 20:22:00,4.5622,4.5622,4.5465,4.55,8921.61049665
2018-03-17 20:23:00,4.55,4.55,4.55,4.55,337.85611792
2018-03-17 20:24:00,4.55,4.55,4.55,4.55,257.5686
2018-03-17 20:25:00,4.55,4.55,4.55,4.55,2000.37538031
2018-03-17 20:26:00,4.5587,4.5807,4.5586,4.5807,7246.63476096
2018-03-17 20:27:00,4.5807,4.6025,4.5807,4.5997,3611.71767747
2018-03-17 20:28:00,4.5866,4.5909,4.5866,4.5909,114.0
2018-03-17 20:29:00,4.5913,4.5913,4.5859,4.5869,330.86863507
2018-03-17 20:30:00,4.5872,4.5877,4.5737,4.5812,5257.68009034
2018-03-17 20:31:00,4.5788,4.5788,4.5788,4.5788,151.61728207
2018-03-17 20:32:00,4.5773,4.5773,4.5773,4.5773,36.58363426
2018-03-17 20:33:00,4.579,4.5862,4.5771,4.5862,1699.07248482
2018-03-17 20:34:00,4.5862,4.5863,4.581,4.581,2291.86658117
2018-03-17 20:35:00,4.5825,4.583,4.5688,4.5688,2977.99038147
2018-03-17 20:36:00,4.5755,4.5787,4.5754,4.5787,2230.64769538
2018-03-17 20:38:00,4.5788,4.5788,4.5788,4.5788,152.99
2018-03-17 20:39:00,4.5883,4.5883,4.584,4.584,213.89060131
2018-03-17 20:41:00,4.588,4.588,4.5718,4.5734,1604.39750617
2018-03-17 20:43:00,4.5808,4.5808,4.5725,4.5725,136.15194206
2018-03-17 20:46:00,4.5831,4.5831,4.5831,4.5831,59.1662
2018-03-17 20:47:00,4.575,4.579,4.5745,4.5784,2752.54427568
2018-03-17 20:48:00,4.5781,4.5781,4.5645,4.5763,517.49879989
2018-03-17 20:49:00,4.5762,4.5762,4.5762,4.5762,2.2633
2018-03-17 20:50:00,4.575,4.5812,4.5704,4.581,463.177
2018-03-17 20:51:00,4.5751,4.5837,4.5751,4.5837,1509.89608
2018-03-17 20:52:00,4.5855,4.5899,4.5763,4.5886,1512.38
2018-03-17 20:53:00,4.585,4.585,4.585,4.585,1051.95419
2018-03-17 20:54:00,4.585,4.585,4.585,4.585,925.40233765
2018-03-17 20:55:00,4.585,4.585,4.585,4.585,22.64347235
2018-03-17 20:56:00,4.5855,4.5855,4.5855,4.5855,155.491
2018-03-17 20:57:00,4.5854,4.5854,4.5771,4.5852,891.60409999
2018-03-17 20:58:00,4.5752,4.5819,4.575,4.576,5862.27840474
2018-03-17 20:59:00,4.5837,4.5872,4.5835,4.5835,1297.577
2018-03-17 21:00:00,4.5856,4.5856,4.5804,4.5804,24.1
2018-03-17 21:01:00,4.58,4.6072,4.58,4.6069,6274.18217729
2018-03-17 21:02:00,4.6068,4.6393,4.6068,4.6205,9217.4026448
2018-03-17 21:03:00,4.6258,4.6259,4.62,4.6224,957.36815095
2018-03-17 21:04:00,4.6219,4.6251,4.6219,4.625,154.53543094
2018-03-17 21:05:00,4.6243,4.6244,4.6243,4.6244,820.0
2018-03-17 21:06:00,4.6246,4.636,4.6246,4.635,4206.52848938
2018-03-17 21:07:00,4.6358,4.6428,4.6355,4.6355,415.83474287
2018-03-17 21:08:00,4.6355,4.6419,4.6355,4.6419,79.00328812
2018-03-17 21:09:00,4.64,4.64,4.64,4.64,1169.48857898
2018-03-17 21:10:00,4.6355,4.6355,4.6355,4.6355,6.0
2018-03-17 21:11:00,4.64,4.64,4.635,4.635,1036.13687519
2018-03-17 21:12:00,4.6388,4.6388,4.6374,4.6374,33.3112649
2018-03-17 21:13:00,4.6288,4.6392,4.6279,4.628,235.03226217
2018-03-17 21:14:00,4.635,4.64,4.6331,4.64,1454.7311982
2018-03-17 21:15:00,4.642,4.6553,4.642,4.653,4287.76372338
2018-03-17 21:16:00,4.6524,4.669,4.6502,4.66,22188.09142424
2018-03-17 21:17:00,4.661,4.6761,4.66,4.6601,30606.28591854
2018-03-17 21:18:00,4.6602,4.684,4.66,4.6839,40632.63263076
2018-03-17 21:19:00,4.6827,4.696,4.6639,4.6793,76395.0894212
2018-03-17 21:20:00,4.698,4.698,4.698,4.698,102.0
2018-03-17 21:21:00,4.699,4.7001,4.6981,4.7001,8379.22470195
2018-03-17 21:22:00,4.7001,4.729,4.7001,4.7121,5275.41797121
2018-03-17 21:23:00,4.713,4.716,4.701,4.7019,7817.37860529
2018-03-17 21:24:00,4.723,4.7231,4.7076,4.7199,615.55461475
2018-03-17 21:25:00,4.7051,4.71,4.698,4.71,3899.83754767
2018-03-17 21:26:00,4.71,4.7188,4.7071,4.711,1521.10381679
2018-03-17 21:27:00,4.711,4.711,4.71,4.71,36.37912455
2018-03-17 21:28:00,4.7103,4.7259,4.7103,4.7257,2038.63815625
2018-03-17 21:29:00,4.7156,4.7156,4.703,4.704,1908.19892262
2018-03-17 21:30:00,4.707,4.72,4.707,4.72,150.58851244
2018-03-17 21:31:00,4.7073,4.7073,4.705,4.705,95.41436841
2018-03-17 21:32:00,4.7001,4.7001,4.6932,4.7,3645.69615354
2018-03-17 21:33:00,4.7,4.7,4.693,4.694,1827.94513873
2018-03-17 21:34:00,4.692,4.7002,4.691,4.6996,3699.74571652
2018-03-17 21:35:00,4.695,4.695,4.69,4.69,105.29692769
2018-03-17 21:36:00,4.681,4.685,4.68,4.681,2701.0117531
2018-03-17 21:37:00,4.6745,4.6778,4.6717,4.6717,757.47728876
2018-03-17 21:38:00,4.6745,4.6848,4.6745,4.6848,1458.20769121
2018-03-17 21:39:00,4.673,4.6822,4.6687,4.6822,2651.24306128
2018-03-17 21:40:00,4.67,4.67,4.67,4.67,1311.7
2018-03-17 21:41:00,4.67,4.6787,4.67,4.6782,4652.89339
2018-03-17 21:42:00,4.6794,4.6794,4.6792,4.6792,111.9603
2018-03-17 21:43:00,4.6788,4.6788,4.672,4.672,136.26739629
2018-03-17 21:44:00,4.68,4.6859,4.6789,4.6823,1392.42269
2018-03-17 21:45:00,4.6818,4.6818,4.6807,4.6813,265.23655
2018-03-17 21:46:00,4.6804,4.6804,4.6804,4.6804,3.42
2018-03-17 21:47:00,4.6805,4.6805,4.6805,4.6805,20.04008016
2018-03-17 21:48:00,4.6815,4.6862,4.6813,4.6855,127.30278216
2018-03-17 21:50:00,4.675,4.6785,4.669,4.6785,847.16728365
2018-03-17 21:51:00,4.6789,4.6789,4.6786,4.6786,78.20206032
2018-03-17 21:52:00,4.67,4.6725,4.665,4.6724,420.26576919
2018-03-17 21:53:00,4.665,4.6707,4.655,4.655,321.92260155
2018-03-17 21:54:00,4.6582,4.6582,4.6553,4.6553,455.05750942
2018-03-17 21:55:00,4.656,4.656,4.656,4.656,20.0
2018-03-17 21:56:00,4.656,4.6641,4.6532,4.6641,585.81345835
2018-03-17 21:57:00,4.6527,4.6609,4.6462,4.6609,123.5973938
2018-03-17 21:58:00,4.6573,4.6573,4.6573,4.6573,10.0
2018-03-17 21:59:00,4.654,4.6597,4.6502,4.6596,2112.739
2018-03-17 22:00:00,4.653,4.6559,4.653,4.655,2064.81614235
2018-03-17 22:01:00,4.652,4.652,4.6442,4.6442,7479.88382165
2018-03-17 22:02:00,4.643,4.6463,4.6411,4.6463,1580.10924
2018-03-17 22:03:00,4.6452,4.6642,4.6451,4.6642,11912.42283571
2018-03-17 22:04:00,4.665,4.6693,4.665,4.6693,59.6509938
2018-03-17 22:05:00,4.67,4.6841,4.67,4.6841,792.04108262
2018-03-17 22:06:00,4.6838,4.6838,4.6838,4.6838,71.905
2018-03-17 22:07:00,4.6791,4.6867,4.6791,4.6867,908.36888235
2018-03-17 22:08:00,4.69,4.695,4.6861,4.6861,961.08289837
2018-03-17 22:09:00,4.695,4.695,4.695,4.695,350.48
2018-03-17 22:10:00,4.695,4.695,4.695,4.695,484.33036531
2018-03-17 22:11:00,4.695,4.695,4.676,4.676,3472.94378009
2018-03-17 22:12:00,4.6835,4.6878,4.6734,4.6734,419.53745
2018-03-17 22:13:00,4.6853,4.6853,4.6853,4.6853,2.8
2018-03-17 22:14:00,4.6827,4.6827,4.671,4.671,380.09187213
2018-03-17 22:15:00,4.671,4.671,4.671,4.671,85.07311
2018-03-17 22:16:00,4.6701,4.6746,4.6701,4.674,952.72244582
2018-03-17 22:17:00,4.6792,4.6792,4.6772,4.6772,173.95748385
2018-03-17 22:18:00,4.675,4.675,4.675,4.675,44.824
2018-03-17 22:19:00,4.6712,4.6721,4.6712,4.6721,285.92152731
2018-03-17 22:21:00,4.678,4.6853,4.677,4.6853,212.96210869
2018-03-17 22:22:00,4.6825,4.6825,4.676,4.676,607.34
2018-03-17 22:23:00,4.6923,4.6923,4.678,4.678,35.89
2018-03-17 22:24:00,4.678,4.68,4.678,4.6799,716.06696934
2018-03-17 22:25:00,4.6796,4.6796,4.676,4.676,317.91557852
2018-03-17 22:26:00,4.673,4.6756,4.673,4.6756,477.6
2018-03-17 22:27:00,4.6786,4.6786,4.6786,4.6786,22.3653
2018-03-17 22:28:00,4.6786,4.68,4.6786,4.6799,304.27019523
2018-03-17 22:29:00,4.6789,4.6789,4.6705,4.6705,754.38584
2018-03-17 22:30:00,4.672,4.6761,4.672,4.6761,1541.24120123
2018-03-17 22:31:00,4.676,4.676,4.6757,4.6759,134.29121178
2018-03-17 22:32:00,4.6758,4.6838,4.6755,4.6821,2232.34985077
2018-03-17 22:33:00,4.6836,4.694,4.6826,4.694,1213.27563202
2018-03-17 22:34:00,4.6931,4.6998,4.6931,4.6998,475.66491353
2018-03-17 22:35:00,4.6882,4.6882,4.6817,4.6865,167.9356
2018-03-17 22:36:00,4.688,4.6912,4.688,4.6912,47.764383
2018-03-17 22:37:00,4.683,4.6896,4.683,4.685,121.2722
2018-03-17 22:38:00,4.69,4.6948,4.6859,4.687,144.4746
2018-03-17 22:39:00,4.6942,4.6942,4.6942,4.6942,123.2063
2018-03-17 22:40:00,4.689,4.6895,4.689,4.6895,78.0
2018-03-17 22:42:00,4.69,4.69,4.69,4.69,44.94
2018-03-17 22:43:00,4.6949,4.715,4.6949,4.715,570.57528502
2018-03-17 22:44:00,4.699,4.699,4.699,4.699,10.0
2018-03-17 22:45:00,4.7022,4.7096,4.7022,4.7096,3335.35516686
2018-03-17 22:47:00,4.7104,4.7104,4.7103,4.7103,291.53296
2018-03-17 22:48:00,4.7103,4.7103,4.7096,4.7096,605.40110063
2018-03-17 22:50:00,4.7169,4.7169,4.7169,4.7169,621.5803
2018-03-17 22:51:00,4.7178,4.7179,4.7175,4.7179,444.49823736
2018-03-17 22:52:00,4.7179,4.7218,4.7137,4.7137,496.20688
2018-03-17 22:53:00,4.7152,4.7152,4.715,4.715,250.46478
2018-03-17 22:54:00,4.7212,4.7212,4.712,4.712,381.37453966
2018-03-17 22:55:00,4.717,4.7179,4.717,4.7179,300.0
2018-03-17 22:56:00,4.7179,4.7212,4.7145,4.7145,2131.5342
2018-03-17 22:57:00,4.714,4.72,4.714,4.72,228.78446
2018-03-17 22:58:00,4.7199,4.7199,4.7199,4.7199,42.65189144
2018-03-17 23:02:00,4.716,4.716,4.715,4.715,21.4183
2018-03-17 23:03:00,4.715,4.715,4.715,4.715,90.7996608
2018-03-17 23:04:00,4.719,4.7198,4.699,4.699,11330.7679733
2018-03-17 23:05:00,4.699,4.699,4.672,4.672,7079.61712845
2018-03-17 23:06:00,4.6814,4.6914,4.6793,4.6914,1391.65399685
2018-03-17 23:08:00,4.6823,4.6823,4.676,4.676,221.158642
2018-03-17 23:09:00,4.6761,4.6833,4.676,4.6833,535.00956372
2018-03-17 23:10:00,4.6807,4.6807,4.6807,4.6807,600.0
2018-03-17 23:11:00,4.673,4.673,4.6642,4.6642,3229.4325
2018-03-17 23:12:00,4.6725,4.6725,4.672,4.672,67.59746322
2018-03-17 23:13:00,4.67,4.6716,4.6699,4.6699,229.86716767
2018-03-17 23:14:00,4.663,4.6655,4.6502,4.6502,5275.98131705
2018-03-17 23:15:00,4.6502,4.6502,4.64,4.641,5590.93510579
2018-03-17 23:16:00,4.6484,4.6485,4.6484,4.6485,809.442582
2018-03-17 23:17:00,4.6485,4.6485,4.6485,4.6485,100.0
2018-03-17 23:18:00,4.641,4.641,4.62,4.62,2339.1037305
2018-03-17 23:19:00,4.62,4.62,4.605,4.6076,648.19332878
2018-03-17 23:20:00,4.605,4.61,4.605,4.61,465.40832323
2018-03-17 23:21:00,4.61,4.6116,4.603,4.6116,3006.19074639
2018-03-17 23:22:00,4.6107,4.6132,4.5984,4.6052,248.16362576
2018-03-17 23:23:00,4.6052,4.6094,4.6052,4.6094,210.0
2018-03-17 23:24:00,4.6,4.6188,4.6,4.6188,7948.40927126
2018-03-17 23:25:00,4.6107,4.6107,4.6107,4.6107,181.66878054
2018-03-17 23:26:00,4.612,4.6181,4.612,4.6181,307.88962
2018-03-17 23:27:00,4.6196,4.6196,4.6196,4.6196,67.63526884
2018-03-17 23:28:00,4.6264,4.641,4.6264,4.6315,5249.20758218
2018-03-17 23:30:00,4.628,4.628,4.6222,4.6222,516.50253612
2018-03-17 23:31:00,4.6224,4.63,4.6222,4.6296,1395.63434
2018-03-17 23:32:00,4.6279,4.6279,4.6279,4.6279,462.300958
2018-03-17 23:33:00,4.631,4.631,4.6182,4.619,2229.51792424
2018-03-17 23:34:00,4.6209,4.6209,4.61,4.61,1911.27015821
2018-03-17 23:35:00,4.6169,4.6169,4.61,4.61,304.58787
2018-03-17 23:36:00,4.6181,4.621,4.6111,4.6122,1235.36102
2018-03-17 23:37:00,4.6114,4.6114,4.611,4.611,248.38459
2018-03-17 23:38:00,4.6122,4.6122,4.611,4.611,3223.7128
2018-03-17 23:39:00,4.6121,4.6207,4.611,4.6131,3092.12978669
2018-03-17 23:40:00,4.6131,4.6199,4.6122,4.6131,2048.73
2018-03-17 23:41:00,4.6131,4.6178,4.6111,4.6177,4019.20911541
2018-03-17 23:42:00,4.6176,4.6279,4.6153,4.6153,1875.94620501
2018-03-17 23:43:00,4.6177,4.6177,4.617,4.617,86.02
2018-03-17 23:44:00,4.6177,4.622,4.6174,4.6218,222.0
2018-03-17 23:45:00,4.6235,4.6235,4.6231,4.6231,50.60725383
2018-03-17 23:47:00,4.6341,4.6343,4.6338,4.6341,2387.64002069
2018-03-17 23:48:00,4.6398,4.6398,4.6398,4.6398,571.062
2018-03-17 23:50:00,4.6346,4.6347,4.63,4.63,4754.53028501
2018-03-17 23:51:00,4.629,4.631,4.6232,4.631,1735.999872
2018-03-17 23:52:00,4.626,4.626,4.626,4.626,544.45020488
2018-03-17 23:53:00,4.626,4.627,4.626,4.627,435.03425
2018-03-17 23:54:00,4.627,4.6295,4.624,4.6295,674.82832768
2018-03-17 23:55:00,4.624,4.624,4.624,4.624,33.91782906
2018-03-17 23:56:00,4.6299,4.6342,4.6299,4.6342,662.5251
2018-03-17 23:57:00,4.6315,4.6315,4.6315,4.6315,321.337
2018-03-17 23:58:00,4.6356,4.6356,4.627,4.627,1192.839
2018-03-17 23:59:00,4.626,4.6276,4.6022,4.6022,9628.15058273
